site,horizon,model,MAE_speed,RMSE_speed,MAE_sine,RMSE_sine,MAE_cosine,RMSE_cosine,MAE_u10,RMSE_u10,MAE_v10,RMSE_v10
DU002,0.0,ABED,3.034181188475495,4.048702500754745,0.19582230575415607,0.35315404280686047,0.22849264044583106,0.3814337264276128,3.3071536318044914,4.396983631195604,3.2200689405356875,4.269855380146481
DU002,0.0,ECMWF,3.684792635690022,4.767977536437593,0.9115029801410355,1.0094225951956795,1.0446587214830807,1.1458529255092589,16.71741931217104,20.37669560671658,14.51622739062583,17.984349643166738
DU002,0.25,ABED,3.1380703319685352,4.173264658760224,0.19967391886001373,0.3566500118931237,0.23442033712628463,0.3895471542091492,3.421859507827321,4.544311334081527,3.296429655934844,4.381281790488147
DU002,0.25,ECMWF,3.6855638165080684,4.769870133682174,0.9120414392035964,1.0100053997855496,1.044607966541532,1.1458977530716676,16.720607231222015,20.377906898414988,14.514409882074562,17.985741543587785
DU002,0.5,ABED,3.125720391494595,4.150579197385487,0.19996490619227583,0.3561420383193167,0.23661544050884795,0.3938013269850768,3.437573742371266,4.561479434874333,3.3099761831147894,4.404390436673023
DU002,0.5,ECMWF,3.6912265877043713,4.77504219913893,0.91269659392079,1.010670325127891,1.0446034275132294,1.145906454080125,16.72243861579442,20.376502900530337,14.515284838141426,17.98866430876703
DU002,0.75,ABED,3.1200503888568405,4.153893257239892,0.2022709893449801,0.3591700178107909,0.2384174146769892,0.3964288306914757,3.447608055489885,4.586628970408361,3.3160977524961104,4.399130484421043
DU002,0.75,ECMWF,3.6990251023828393,4.782655782990737,0.9134220622871991,1.011394278601929,1.0450561228652155,1.1462600259534053,16.726421770740064,20.3731901494518,14.51579744800244,17.988272151536858
DU002,1.0,ABED,3.126114717165685,4.178560757988037,0.20550173480756248,0.3619781712189833,0.23956168858238472,0.3962995821323651,3.457747907803423,4.598498734771351,3.3381675752492206,4.414651834499263
DU002,1.0,ECMWF,3.7047823198423924,4.788602759978028,0.9140650871012342,1.0120803519690407,1.0455885327664343,1.1466464856031624,16.732073215763965,20.372325281003757,14.514162103424852,17.988309906787933
DU002,1.25,ABED,3.1433852256228216,4.20972144162302,0.20577455362925057,0.3627185545168298,0.23984607608701103,0.3967808236121714,3.462380323921631,4.6064421255584085,3.3826868977530467,4.460980469342569
DU002,1.25,ECMWF,3.7122895528139295,4.796453854226217,0.9147721170835897,1.0127861692440017,1.0463312622874732,1.1472517987406374,16.737722900405892,20.371163125121786,14.513506378536817,17.98910863903371
DU002,1.5,ABED,3.1377559423940813,4.187847284105505,0.2079604759503182,0.3661714653189437,0.2407811410123896,0.3984926360306483,3.4447654993782635,4.600729589091747,3.397782521916876,4.4654905577214405
DU002,1.5,ECMWF,3.717571727133816,4.802997110454447,0.9151237961034001,1.0131023262384864,1.0473948745553097,1.148159548968052,16.742967076786588,20.369256795943375,14.509239658193016,17.985798931148402
DU002,1.75,ABED,3.11823700801313,4.164258850225761,0.20981344238981825,0.3677493537928369,0.24088245334039718,0.39701150752517433,3.4367402177110002,4.578998491045328,3.3712932892264384,4.430924366365378
DU002,1.75,ECMWF,3.721563474708661,4.806331771760584,0.9153226658182279,1.0133508841984458,1.0485472042843635,1.1491536689025796,16.74682921971343,20.367795121862592,14.503724214630866,17.98019411233385
DU002,2.0,ABED,3.110267636318427,4.146534460451266,0.20689404104332507,0.3641308386049185,0.23738383488247816,0.3910043501753334,3.436903344155629,4.573900641510611,3.3359061677294144,4.396865933458113
DU002,2.0,ECMWF,3.725230700089538,4.808034253730261,0.9157055655769621,1.0137740878400867,1.0497605289611478,1.150239758638309,16.747656005213518,20.363365994685257,14.503187927371057,17.97882766866321
DU002,2.25,ABED,3.1342533132312695,4.1696638174212115,0.20272824817302249,0.3590257338879403,0.23604579273624346,0.3917185195469152,3.430421593704523,4.583393685381558,3.3269405193965818,4.39691874371025
DU002,2.25,ECMWF,3.72621117172822,4.807542280753038,0.9156009746049554,1.0139028979461482,1.050687259049873,1.1510941578166967,16.748171840475976,20.360218533041753,14.498195226373491,17.97525710110031
DU002,2.5,ABED,3.15143287948648,4.198276057920644,0.20134325385992444,0.35932586502918656,0.23436192357305954,0.38957794420939557,3.436764701461167,4.599466098052272,3.3132851559366827,4.398001422401497
DU002,2.5,ECMWF,3.726371429030086,4.80651768501272,0.9156128027250613,1.0140983545792108,1.0511993838684417,1.151604611220457,16.744396318768267,20.35509906236268,14.49152294775883,17.969364114829403
DU002,2.75,ABED,3.147859095369128,4.204270634518219,0.20135000345404444,0.3613728788781055,0.23406984886344095,0.38809525809525397,3.433343887997277,4.573292115156645,3.312452947389223,4.423624624642659
DU002,2.75,ECMWF,3.7279926438670237,4.805015506486828,0.9156380667519471,1.0143077493020014,1.0516765558336616,1.1521666456543924,16.738619552911505,20.350102081922966,14.485503340522813,17.96405846393974
DU002,3.0,ABED,3.133786612395659,4.179611225602003,0.19727083702753298,0.3542204432148253,0.23310115480776142,0.38771748910656534,3.4060646445080542,4.540121306929545,3.2633883849575795,4.374286608171133
DU002,3.0,ECMWF,3.7290727249425175,4.802188083973609,0.9160919647047919,1.0148506372320623,1.0521137385302886,1.1527698286444965,16.737235802471236,20.349238220900357,14.478211143673747,17.95525020289644
DU002,3.25,ABED,3.13323460704575,4.191509958720496,0.19725997890137306,0.3530018665846743,0.23306756507948564,0.3894505852119599,3.3855923517039628,4.521027854005779,3.258423661341112,4.373825593171059
DU002,3.25,ECMWF,3.7328111567702877,4.805034898896847,0.9161646574897321,1.0150593946283966,1.0525953452565109,1.1533567298759024,16.73602452415574,20.348977046957604,14.46767525425385,17.94588349674925
DU002,3.5,ABED,3.1352099402771363,4.208182940143162,0.19636126535503964,0.34945431220416473,0.2338246052973789,0.39172953935748067,3.372014414990796,4.496869192376633,3.252100539595934,4.390794502467407
DU002,3.5,ECMWF,3.7406265517787127,4.813820212886689,0.9158622906789855,1.014776769784948,1.0534683270173284,1.1541872224647505,16.739624714339246,20.354013737014053,14.457686801313159,17.937897887264693
DU002,3.75,ABED,3.1380678091665835,4.222424937775268,0.19371190184737386,0.3433717289786504,0.2347644269198225,0.3947003148384971,3.3940134945635996,4.501365646051747,3.2317025688374392,4.378670426854376
DU002,3.75,ECMWF,3.74568422691959,4.819074658391649,0.9156234282036703,1.0146910666258149,1.0545452017784849,1.1550446795973495,16.741361307782096,20.355365151232192,14.44770388724487,17.929524002088893
DU002,4.0,ABED,3.159053958451939,4.230322037637949,0.19205213289036296,0.33876635325958143,0.23526262380661,0.39564876499149104,3.4187646689412454,4.527006402559462,3.215472057254677,4.357667575230341
DU002,4.0,ECMWF,3.7476297314673785,4.820949891311175,0.9150387381179925,1.0142611628165437,1.055412843631294,1.1558813448390493,16.740985618332484,20.354846277080387,14.431785259929498,17.915752337079635
DU002,4.25,ABED,3.175190724170946,4.251352986733744,0.19221311961305645,0.33787700843860063,0.2353439304307331,0.39528128133240154,3.4311473593152186,4.54943446332701,3.2048988354032795,4.361493304914081
DU002,4.25,ECMWF,3.749728848486258,4.82085770365152,0.9148050229874375,1.0141175201142407,1.0563288163358593,1.1567341840434326,16.73833395272155,20.349096060466533,14.420517688344804,17.90487693039838
DU002,4.5,ABED,3.1640486561547205,4.24564181718543,0.1934189612761742,0.3397093193726925,0.23539497691560393,0.39500220654820545,3.4006722418137847,4.513729347032877,3.210434304371726,4.387506497756853
DU002,4.5,ECMWF,3.7504804849953337,4.8210730953186385,0.9147595349776791,1.0141376008218248,1.0572737883386383,1.1574793490300994,16.735482239583384,20.340435293534266,14.411797631470918,17.897446189045112
DU002,4.75,ABED,3.1640636804022306,4.266903181860912,0.19492609116862344,0.34182997729681713,0.23578662426228458,0.39372829716155133,3.3884176710271277,4.49890502701704,3.2325943385173255,4.4331121336089385
DU002,4.75,ECMWF,3.7511317869709164,4.819905154314405,0.9145490603367422,1.01408480269874,1.0575721416873076,1.1578400830387094,16.730741456076135,20.332687879268416,14.40142672643131,17.88862300187549
DU002,5.0,ABED,3.1911615527759216,4.312767427458452,0.1961263615250116,0.3438938752592993,0.23822029855011592,0.39823753732152356,3.394797162055814,4.493995599032978,3.2592696815454474,4.468208312474763
DU002,5.0,ECMWF,3.7487493526198143,4.816588689711751,0.9140788374228404,1.0137515998701654,1.0575061046466951,1.1578147198733082,16.71854469782026,20.319202397391443,14.387666523748827,17.877355059053553
DU002,5.25,ABED,3.208176585879194,4.345951193601261,0.19872505542200622,0.3472753515213913,0.23949203314224152,0.3992663227569759,3.4004944139730164,4.49403259718601,3.296173426789816,4.500910496057512
DU002,5.25,ECMWF,3.746672314198289,4.813989000826829,0.9133642499989714,1.0131982848964058,1.0579441707436497,1.158250033370597,16.71138885245894,20.307029616507233,14.370183432691496,17.863397124836368
DU002,5.5,ABED,3.251061566241095,4.397984586468349,0.20027742475253085,0.3507648307323624,0.23961979802005443,0.39748843971099634,3.423848205304239,4.520582888763192,3.3386488951170272,4.538624286990697
DU002,5.5,ECMWF,3.746092970253416,4.81330781062698,0.9125936148966186,1.0126537892841714,1.0580639825149376,1.1583540232615492,16.70035514776193,20.293624909411395,14.353689818775928,17.848677232029427
DU002,5.75,ABED,3.2961895743532303,4.46206840395036,0.2033617660081475,0.35541120213321414,0.23987197336687993,0.3961998816856607,3.45529031399686,4.563503233921755,3.393092242039529,4.59310456238134
DU002,5.75,ECMWF,3.746701878833708,4.814543729117813,0.9119052474404796,1.0120982044467197,1.0584032924827762,1.1586278892847264,16.692893617685513,20.281669413303206,14.33821129657442,17.833484568856136
DU002,6.0,ABED,3.335643906481111,4.5132925712919185,0.2065423504089304,0.36127632356065204,0.2403135246989393,0.39478229218284,3.486545902764192,4.604283735652948,3.4452214853038945,4.644630544920544
DU002,6.0,ECMWF,3.7456900852574964,4.814076840196945,0.911061490740531,1.0113514286169503,1.0586556188640281,1.1588787030569663,16.685714805346404,20.269607061120855,14.322099512037857,17.82020498060805
DU002,6.25,ABED,3.373862094766936,4.5472971830399285,0.2095645154317173,0.367082687284499,0.24308016871749416,0.3973504910852593,3.5307693617808886,4.659801613809225,3.4851812069315806,4.6850261606220425
DU002,6.25,ECMWF,3.7462630391070033,4.814785292985682,0.910357836424617,1.0106853747681646,1.0591849822724149,1.1593195076153389,16.682300690956957,20.260722752093198,14.307209367504448,17.80424022229785
DU002,6.5,ABED,3.405074404267918,4.601035862307438,0.21001304950328237,0.36757602356174346,0.24422763134592818,0.39918035529638657,3.574816000666033,4.731396557648994,3.5153072481186123,4.722296751050613
DU002,6.5,ECMWF,3.75009318599818,4.818865524807683,0.909715543105162,1.0100732180740761,1.0594641059007148,1.1594524445666707,16.678156831257855,20.25285831372639,14.295152229059681,17.792235603126173
DU002,6.75,ABED,3.430493184865164,4.664574682990201,0.21176338193274372,0.3693516148789389,0.24660488619536755,0.40181591449525805,3.6047152357047403,4.785973423959492,3.5477572586399524,4.762644378751583
DU002,6.75,ECMWF,3.751936990813355,4.819001504915885,0.9088763082158122,1.0094154692016384,1.0595727042959837,1.159474949299496,16.6717768909638,20.240692557073523,14.28250857394289,17.781755647704266
DU002,7.0,ABED,3.457920096539836,4.72198088402108,0.21566907724096687,0.3741019798130675,0.25015761864224006,0.40579235825334486,3.6491410381155824,4.863038335831628,3.5983676928372006,4.826537807651703
DU002,7.0,ECMWF,3.75347089944534,4.820654435763135,0.9082283960518005,1.0089544208801904,1.0595841567199968,1.1594315389151744,16.66607643330715,20.230506755009568,14.273858008870794,17.773561946577694
DU002,7.25,ABED,3.5049006502282527,4.785753907764732,0.2197312581916259,0.37857321939382216,0.25747186312389375,0.41625418490236743,3.7329261950156556,4.983906304889721,3.6592826561412344,4.919142977838785
DU002,7.25,ECMWF,3.755441381219684,4.822543110965244,0.9078514153099321,1.0087705090587873,1.0595611948956363,1.1592930241775496,16.66275131520864,20.222624412083306,14.269762706832964,17.768903017388993
DU002,7.5,ABED,3.5596050879924768,4.857049597016475,0.22241784466206885,0.38054191239083485,0.2634371632169541,0.4239267779757098,3.810934586245518,5.096997727429579,3.720742010557236,5.013006678578129
DU002,7.5,ECMWF,3.755120128372001,4.824255915544134,0.9076910414192403,1.0087048154393163,1.0596924321042032,1.1592462969666655,16.66143751504285,20.214620573368606,14.271329479744603,17.769086293947044
DU002,7.75,ABED,3.61982561282054,4.954291345931298,0.22467072244958666,0.38186473094940726,0.2685643524397927,0.42964574345955375,3.890713274162408,5.215683599324755,3.7934295324657796,5.113413065989129
DU002,7.75,ECMWF,3.7583344819160076,4.830005223414472,0.9073425907976326,1.0083600055812838,1.0597461805770845,1.1592223459570665,16.66116581249639,20.21060833479993,14.271003340096472,17.769576216077855
GN002,0.0,ABED,2.713559553344002,3.5770383924777436,0.18084265235743668,0.3328225579207149,0.22161587574822325,0.370786219716699,3.1652570356776173,4.186619425707773,2.9689390963394544,4.018439419919889
GN002,0.0,ECMWF,3.56142734400404,4.770417151898378,1.0181017241576331,1.1205710036751269,0.9742472654824718,1.0668742432850093,15.00711579994092,17.952243286408123,16.5596565812732,20.22611770402505
GN002,0.25,ABED,2.8506992692523396,3.734642594011173,0.18328646391152228,0.3344464794264142,0.22645880422939269,0.3805803409370299,3.2321874365352414,4.250784870448001,3.074972083267918,4.163953304798552
GN002,0.25,ECMWF,3.5625367673567436,4.7719062666822945,1.0192501286023081,1.1215935162427166,0.9745522843866311,1.0670689706498118,15.002688705635151,17.945916666379535,16.56700982094199,20.234984685700034
GN002,0.5,ABED,2.8946651753495196,3.7853862633959867,0.18182410320593542,0.3270606191377518,0.22705972171477043,0.3842427287605439,3.222571867654551,4.230709917861481,3.1187425585731035,4.219062155976429
GN002,0.5,ECMWF,3.5633707496706726,4.773356393911844,1.0202484157019074,1.1224826353959696,0.9749884401708143,1.0674717691522944,14.998162923975238,17.94095019532464,16.57000233218864,20.238485180964577
GN002,0.75,ABED,2.890224365385357,3.7864346310700867,0.18202447439188374,0.32521887838916097,0.22777261074345467,0.38710450405937263,3.193113579106163,4.191359769772334,3.1330611378965236,4.2338297029997465
GN002,0.75,ECMWF,3.562776403389638,4.772994478904787,1.0213232029523325,1.123390612524526,0.975150241795205,1.0675733535067498,14.992795634754925,17.934991902707033,16.570446158692764,20.239146221432065
GN002,1.0,ABED,2.8896122323355904,3.796478418189301,0.18350613477574904,0.3323752683020005,0.22770378106248487,0.3882177189417684,3.179433592607893,4.1836289777709,3.1545626628112586,4.281185497498085
GN002,1.0,ECMWF,3.5643792913765395,4.774524707959132,1.0222548280713104,1.1241798688915605,0.9756364586796781,1.0679338214563834,14.988983217056145,17.929448732793634,16.56991424525029,20.238924206304137
GN002,1.25,ABED,2.8936217856877273,3.800600699530599,0.18285280801716333,0.3318991291644755,0.22890280011790579,0.3900148135205325,3.1658881095227116,4.167725315193834,3.1706497112055936,4.295199996266275
GN002,1.25,ECMWF,3.5652321781787593,4.775074838290804,1.023267997482548,1.1250096009217292,0.9764299134301909,1.0686258843058003,14.98670258970598,17.923353714189357,16.571577048642894,20.238484962361927
GN002,1.5,ABED,2.8628728815597917,3.7667410247145687,0.18164779468595152,0.32784748258839036,0.228643048572857,0.38701423421292525,3.149699244137082,4.149441571520884,3.1476745057595203,4.253005865139002
GN002,1.5,ECMWF,3.5647085793526796,4.775339069097061,1.0239353842337477,1.1255152998457352,0.9774139323912673,1.069466365916028,14.985838562657568,17.918439492761973,16.567637272906705,20.233962471841277
GN002,1.75,ABED,2.8616404707041703,3.7497022495326724,0.18199973561791852,0.32670363282507414,0.2298848290012866,0.38797430838090324,3.1437026756448176,4.149023734151195,3.1487191385461606,4.251584641517494
GN002,1.75,ECMWF,3.5646813318307458,4.775752977335279,1.0247574106094417,1.12609826556957,0.9781414232262774,1.0699812092208925,14.983782525577402,17.911968293120307,16.561807653755114,20.22614938248977
GN002,2.0,ABED,2.8860781906595165,3.764038413352404,0.18430670551362738,0.329416944578541,0.2314144298877033,0.3917144625654644,3.1450492743527625,4.161374016645273,3.17009301630272,4.2786436552769835
GN002,2.0,ECMWF,3.5687649500559906,4.779753204433916,1.025625236346954,1.126722822145178,0.9789403247911568,1.0706708205546447,14.980484423648955,17.903969373493847,16.55388029812541,20.214334497343703
GN002,2.25,ABED,2.885533178399605,3.764337572174945,0.18428832145455395,0.3267453294617784,0.23212455616762384,0.3944579646704182,3.14560084184086,4.161060062507028,3.1709332501532117,4.270507775881789
GN002,2.25,ECMWF,3.5729129796356602,4.783411495518656,1.0263481611001442,1.1273183824404058,0.97992536410134,1.071609435532262,14.978067396217043,17.899500479934034,16.544811100711378,20.201649146607615
GN002,2.5,ABED,2.8660602238913584,3.736660220888065,0.18321468370802427,0.3236019883758352,0.23207170944839095,0.39503190024153834,3.150087634982507,4.180456467950841,3.148612660173361,4.219612447348791
GN002,2.5,ECMWF,3.5746029560688517,4.784367676565329,1.026807316736595,1.127691380526186,0.9809653068916533,1.0726918476407135,14.975596493170107,17.896431039004717,16.533094833873882,20.187887124231022
GN002,2.75,ABED,2.8500276608278075,3.718430684862354,0.1816171805287865,0.32310018076955205,0.23076886002728889,0.3930343914482476,3.165755695924721,4.20710180534975,3.1078371069388595,4.1617620028986115
GN002,2.75,ECMWF,3.5726106515711282,4.781105750408386,1.0266922930991722,1.127580206447326,0.9818995805341627,1.0736080748692052,14.97189554918434,17.890027911768914,16.51426795079647,20.16812249392565
GN002,3.0,ABED,2.870430195657187,3.735093868730133,0.18065171336263666,0.3251242052249254,0.2287897970477654,0.38966140910296493,3.1588271373251096,4.2017293677253065,3.088331307167209,4.133058759695505
GN002,3.0,ECMWF,3.572487192326829,4.780266515053164,1.0264289241935922,1.12752636296081,0.9825369766606472,1.0742680799050686,14.965649370912933,17.881310688639164,16.49824452017431,20.15115261276108
GN002,3.25,ABED,2.84722281745066,3.7383325885907532,0.17957476481605497,0.32561151171419883,0.2245401920547414,0.3820321075653528,3.1345992635197035,4.175458729842197,3.0498772718950327,4.105746134982654
GN002,3.25,ECMWF,3.5729329396416407,4.779696098286523,1.026201085154755,1.1274063247264678,0.9832842080849927,1.0749884031669517,14.95794665782981,17.871874555591127,16.48191306553095,20.132674052582015
GN002,3.5,ABED,2.822083157912074,3.7249186048732548,0.18041253823215445,0.33019914843338966,0.22276282690322066,0.3776312271112655,3.114733628960797,4.1497723975405005,3.0326565643720946,4.104661203439061
GN002,3.5,ECMWF,3.572315188683497,4.778774182455478,1.025656310405746,1.1270291005893447,0.984014741900884,1.0757422596608057,14.949106611130723,17.861329804869577,16.461626408221836,20.110643698141544
GN002,3.75,ABED,2.815957104550113,3.7051410681847052,0.17987025236881227,0.32992816533658903,0.22312815618034976,0.37750233598105115,3.101713853997959,4.1387604696821825,3.035985907841829,4.128576393885246
GN002,3.75,ECMWF,3.569472115677941,4.7753260036392655,1.0252055469326358,1.1266647665513365,0.9843769513490631,1.0761468684288666,14.935906391397124,17.846752080411587,16.43928109755923,20.088853256209834
GN002,4.0,ABED,2.815321521530507,3.682018860896571,0.17855559605298918,0.32681729604682197,0.22245458919795832,0.37305412278146555,3.074821903022894,4.103723131355054,3.040112315406683,4.135379834843568
GN002,4.0,ECMWF,3.5706421504060217,4.7749867051059995,1.0249170777163623,1.1263540262433072,0.9847059269773236,1.0763823856620824,14.92214164441098,17.830603263770296,16.41512329760636,20.06262245099322
GN002,4.25,ABED,2.806199589371099,3.657971089491372,0.18029141943219296,0.3317075753295408,0.22480558053880376,0.3746401155826467,3.084465460808739,4.112120511679416,3.0459022545289067,4.144820383426811
GN002,4.25,ECMWF,3.565406172263458,4.767969187755401,1.0240395565502467,1.1256380748520014,0.9854820400895927,1.0770380585908053,14.910715287473801,17.81344084583238,16.386300453326466,20.030786884672043
GN002,4.5,ABED,2.7995621937292783,3.6551094334771204,0.1810994057475809,0.33302036613313873,0.2244555713941938,0.37419322069364064,3.074562388288541,4.1068415098589055,3.071717567582103,4.198869567367818
GN002,4.5,ECMWF,3.5621959302898816,4.766037354590502,1.023539223016775,1.1251854614905812,0.9856919594282288,1.0771232382011635,14.894184326718664,17.79283318254361,16.361028789865134,20.00234868065368
GN002,4.75,ABED,2.8190926673514762,3.686891502067067,0.1807372972335183,0.3330841610952453,0.22512485954927486,0.37516129225423994,3.0640665141818317,4.096084825261666,3.1044424167739635,4.26274352995575
GN002,4.75,ECMWF,3.5595779292099046,4.7643507160842455,1.023091964505733,1.1248899961186791,0.9857709041739809,1.0773043289404756,14.877183292269647,17.771565766732277,16.3337688075827,19.97441472269706
GN002,5.0,ABED,2.836544705473855,3.725023200943121,0.18283219551443045,0.33610270645916684,0.22748793753987606,0.3793210679649389,3.0740093998762554,4.0997346276047555,3.1407930563506548,4.316079168666659
GN002,5.0,ECMWF,3.5570918545077403,4.761561114548612,1.0224421307034461,1.1242506995275465,0.9857088786362408,1.0772422320231714,14.858324291949225,17.748086333164032,16.303893637113482,19.942709589055735
GN002,5.25,ABED,2.8513900716159513,3.7516083629018255,0.18385528796757364,0.33775833221215384,0.22925480832540315,0.3826396095635111,3.0949662390212325,4.11714378538794,3.1696890025117077,4.345526738464572
GN002,5.25,ECMWF,3.5542779586624804,4.758648489142447,1.0215492185739086,1.1234709584565772,0.9853630474635672,1.0770197126131398,14.834635756015727,17.725104133797235,16.272877260533217,19.909553883043156
GN002,5.5,ABED,2.875975478805595,3.7799671484813078,0.18571497258068748,0.3398361669307547,0.23061717767102982,0.3839437533317773,3.111346107777232,4.136751640825616,3.1953074627185742,4.359731555484976
GN002,5.5,ECMWF,3.5509489415438438,4.755759542196743,1.0209917649242743,1.1230051658408589,0.9852806701279028,1.07710179373987,14.816124169332156,17.705424541961428,16.243942381705963,19.880204521031143
GN002,5.75,ABED,2.907526263416751,3.815849954418062,0.18852281455188555,0.34505181090016074,0.2318168274006772,0.3850284833499591,3.130222730940659,4.159468767973523,3.2257905602891697,4.365124635145184
GN002,5.75,ECMWF,3.549959625613026,4.753504898185583,1.0205525019585282,1.1226701586252148,0.9855284101608012,1.0774297943719855,14.797482577112456,17.68167911677413,16.216320869920015,19.853960181029034
GN002,6.0,ABED,2.9474912190861815,3.8724915251049867,0.19117394421537173,0.35083084877555687,0.23401665676201588,0.38830482460294624,3.17014037236792,4.220093239214913,3.260434291780863,4.3862331820317015
GN002,6.0,ECMWF,3.5478297251925035,4.749842390376497,1.0199672518286993,1.1222104043272136,0.9858483947780602,1.0778358356574929,14.77659493208577,17.65593929560295,16.192498230495644,19.83028219240281
GN002,6.25,ABED,2.999725078203832,3.9602509838105306,0.1921466697148436,0.3512553810317475,0.2369266096217342,0.3920140272658734,3.2175972378651445,4.279730501963177,3.2920478523965357,4.4185748258079025
GN002,6.25,ECMWF,3.547126812734111,4.749275652234456,1.01997102066664,1.1221740597366057,0.9857243936027297,1.0778809256384474,14.76155362974085,17.63854936273598,16.17142136425339,19.804354281422683
GN002,6.5,ABED,3.058205317992974,4.048960540722046,0.1938381278896971,0.351775037801683,0.23990292582976505,0.3954207829219201,3.266273273641976,4.323085374054163,3.3319209986193528,4.457866835452214
GN002,6.5,ECMWF,3.5450038595617244,4.746243744253736,1.0203015552366133,1.122460372456445,0.9854166775340841,1.07767852412109,14.74211216859731,17.61772600060258,16.152026573092368,19.77697605969081
GN002,6.75,ABED,3.10840945553711,4.127835928828473,0.1968281501381036,0.35496768903422404,0.24429270181798302,0.4011529342091135,3.3224255864279257,4.3708521719932785,3.3679126046226884,4.508993238791651
GN002,6.75,ECMWF,3.543822195605921,4.745096641763823,1.020211863234768,1.122311048558944,0.9850581805993665,1.0773742795487604,14.724575903875836,17.59862143341398,16.13461013482226,19.754753443234108
GN002,7.0,ABED,3.145804014344462,4.1896046918196275,0.19870664949899172,0.3556119483656958,0.2481619179359917,0.4058935538490583,3.3611693839902728,4.429918938641791,3.4103159652634836,4.586279690113519
GN002,7.0,ECMWF,3.542575349115832,4.744222426515294,1.0197719768660471,1.1219189175083812,0.9851221427436784,1.0774667488879344,14.706661517348325,17.576730358485655,16.12011895052513,19.737085496161587
GN002,7.25,ABED,3.1872985937757647,4.262829483616073,0.2011103632994192,0.3597561465290402,0.2510872458834246,0.41019147762830716,3.4060249574777117,4.498219284769947,3.4757220638169506,4.666454622421063
GN002,7.25,ECMWF,3.5370008854155146,4.739136061723481,1.0195930968420235,1.1216116939571152,0.9846975467637612,1.077027793414153,14.688187599415047,17.556384579823682,16.10394201940042,19.716014884834383
GN002,7.5,ABED,3.241632135568952,4.353011551381326,0.20382710139177693,0.36326741712813526,0.25450413073786843,0.41277427264069216,3.45278971773223,4.575596799999462,3.5547107686840413,4.761792971624686
GN002,7.5,ECMWF,3.5341235362012733,4.735945600073048,1.0193753777817105,1.1213359858318026,0.9843236808653035,1.076707314099386,14.671986358403444,17.54018588606902,16.08672817462534,19.696687378794127
GN002,7.75,ABED,3.3152969030737975,4.469984106750083,0.20479408058379808,0.3628671054318974,0.25724574213158097,0.41475674134014606,3.5005456678627525,4.655641886619116,3.6162019778873096,4.844501014036355
GN002,7.75,ECMWF,3.5318179883207326,4.728801297579488,1.0188355351857348,1.1207816264401869,0.9838001503230226,1.0762139826576853,14.653932489197297,17.522744227152895,16.06963040362557,19.677143154896065
JA002,0.0,ABED,2.4822615945439224,3.2401370173022577,0.2997440746681737,0.439561586335082,0.406374971226019,0.7556642431622665,3.1156739130177207,4.01761166844529,1.5588698821791998,2.0662100242172174
JA002,0.0,ECMWF,5.603604386777659,6.8707516012318814,0.72229430410192,0.8216137410837121,1.2654051763159726,1.4216154938354542,16.13136147944034,20.152657865871113,8.778847753151346,10.755278567009807
JA002,0.25,ABED,2.5919913217968378,3.4024942974886567,0.29868450232501914,0.43616360392099807,0.4142161344363357,0.7668738039050546,3.2839871207045994,4.225771387715936,1.593846200223652,2.1035777072719273
JA002,0.25,ECMWF,5.612840673921716,6.879528134217814,0.7228502472988682,0.821873353828508,1.2644279082627452,1.4208815949104803,16.114475471373755,20.14333749772323,8.7856024561086,10.759832938805003
JA002,0.5,ABED,2.5630082865373507,3.3542265964153555,0.28706653840439705,0.42267659654195844,0.38984454567592114,0.7411421190408551,3.2148310359298193,4.135433029032092,1.5858211167512006,2.0999205658986226
JA002,0.5,ECMWF,5.6218924547240645,6.88720667261126,0.7230120792145023,0.8218711003427641,1.2635235134983143,1.4202117291629288,16.097508162512423,20.13432715087513,8.79055100972843,10.764051302365228
JA002,0.75,ABED,2.5715948574597225,3.3418989510968546,0.28981776418688704,0.4248509998557339,0.39886285279785794,0.7545816601498883,3.2516735046859444,4.16894002693573,1.5991938249824973,2.109623048086859
JA002,0.75,ECMWF,5.62993125577075,6.893669889486733,0.7238212296898845,0.8226990809298076,1.2621002612286023,1.4191753055267557,16.08090421866122,20.126493328060366,8.798776511564098,10.772309791998268
JA002,1.0,ABED,2.5541208405255222,3.3295343856127935,0.28896186574886107,0.4215163045660636,0.3941035703255112,0.7478871143607344,3.219371218759837,4.145833471349771,1.6009107571436896,2.112799769895717
JA002,1.0,ECMWF,5.639020516542527,6.902161827160027,0.7246475299911316,0.8236952702658068,1.2617602613937424,1.418906938250412,16.072578614930425,20.126507614200165,8.804498498772,10.776183051410516
JA002,1.25,ABED,2.5311237832242304,3.3099994962028516,0.28651290015267317,0.41996955308173584,0.37790170397330874,0.7262761835959965,3.1357186534968,4.053061355492656,1.588729787890922,2.1029534104035204
JA002,1.25,ECMWF,5.647220557698804,6.910099864216017,0.7251305977173651,0.8240794781295465,1.261220344756115,1.4185521037946547,16.06118300163243,20.12607322052972,8.809143400578781,10.780012312045125
JA002,1.5,ABED,2.5182913546497425,3.289622045542403,0.28635047145816267,0.4199619141308243,0.3738550663299132,0.7235180585206592,3.1360114900943095,4.0571509675524675,1.5851723997238878,2.0971542696144136
JA002,1.5,ECMWF,5.657125602136286,6.918591236167688,0.7257403342681426,0.8246565531792256,1.2598977417037405,1.4177221332203775,16.045843760735497,20.1215729130532,8.815006375223048,10.785185555876796
JA002,1.75,ABED,2.517200695300016,3.314561447618417,0.2854829336505293,0.4175874315014219,0.3752539478950218,0.7274686349136553,3.140585166252246,4.08668144847406,1.5901998417246734,2.0985349804419493
JA002,1.75,ECMWF,5.667342373426742,6.927461079050648,0.7265533621560717,0.8253820726341313,1.2590535667664717,1.4171891067863205,16.030652163761633,20.11643438736448,8.819597658043305,10.787391895810604
JA002,2.0,ABED,2.472378056453005,3.252402687858489,0.2850584414764225,0.41394284373975093,0.3678060655596527,0.7158181237530761,3.0883160979457593,4.038184085247228,1.5865579163326704,2.089349994631996
JA002,2.0,ECMWF,5.67664440604626,6.936139716124887,0.7274437213711039,0.8261796666499314,1.2581167258041506,1.4165980159554703,16.019415660378105,20.113242195527985,8.824225293949318,10.789296793974847
JA002,2.25,ABED,2.450064339616979,3.2234396562263803,0.2851058230768779,0.41495537252563897,0.37018682722603485,0.7198375797085675,3.0567880193525525,3.9953086282117156,1.5895842248892222,2.09531142831415
JA002,2.25,ECMWF,5.687542926129566,6.946466203133412,0.72771456636482,0.8264995954420524,1.2573992583213844,1.4162242013649304,16.009900595407128,20.11243472988647,8.826337569780314,10.786714747689066
JA002,2.5,ABED,2.445906989801262,3.2481515693955068,0.28356652293551243,0.4130994660207692,0.3644996768487108,0.7142301066346066,3.0322768490106378,3.9809443901784785,1.5800336727323459,2.095975635589937
JA002,2.5,ECMWF,5.699041127038104,6.957304793031714,0.7278162908254909,0.8264497897959645,1.2567327484000008,1.415828142723594,16.00149333542065,20.11180367103052,8.827071306980129,10.783349772657177
JA002,2.75,ABED,2.42847941941827,3.215335429617167,0.28300924868360083,0.41260903677704414,0.36459268243682125,0.7148736689847666,3.015571978694576,3.955952195157602,1.5674684572015092,2.075870409514905
JA002,2.75,ECMWF,5.710881069900226,6.967597767385782,0.7279332534325889,0.8266405101199377,1.2562649203254759,1.4157027011429102,15.993776491249276,20.110147018623447,8.825879638346262,10.779234065136169
JA002,3.0,ABED,2.464394064425093,3.2246172563516753,0.2834331177672145,0.4131846822001652,0.37088043661899367,0.7251457658998567,3.037572379005269,3.960510622715232,1.568314356562496,2.07120399588523
JA002,3.0,ECMWF,5.72264278824344,6.977504444328455,0.7280237370573789,0.8266988049286005,1.2556422648044725,1.4154634308733254,15.991063289373363,20.11339004914865,8.824318197429818,10.774455673543548
JA002,3.25,ABED,2.529115037775669,3.2978795737383444,0.27928042985166146,0.4073434499440174,0.3734257651723192,0.7297476974061196,3.0646029966296737,3.977642434063574,1.5693244121331797,2.0746318708298364
JA002,3.25,ECMWF,5.732610593715592,6.9850663004850775,0.7279440786090877,0.8266990917560728,1.2560062003047536,1.4158644133738019,15.993306198483888,20.119140765238857,8.822404937271253,10.76877452913435
JA002,3.5,ABED,2.545652656302341,3.3096479247964234,0.280023229061836,0.40828537848490914,0.37445922285732186,0.7302519895446274,3.0726649585856953,3.9791718112967502,1.5615205348729735,2.069180836937109
JA002,3.5,ECMWF,5.744510878825792,6.993899170480951,0.7280981771794726,0.8270489414747066,1.2555682656142757,1.415753966969954,15.99691914150042,20.126376640362125,8.82143581313539,10.765057365202772
JA002,3.75,ABED,2.539476770391649,3.2968283959631615,0.28145151791453366,0.41151417708948557,0.38094313841279814,0.7375425138545135,3.0668410782413957,3.9549852756326604,1.5692843586404404,2.0777768956288325
JA002,3.75,ECMWF,5.755025485949048,7.00145320201521,0.7272017868460564,0.8264399285236763,1.2558265370065105,1.4162083043300537,16.00289835555569,20.13597713314701,8.81550868354881,10.75798730627291
JA002,4.0,ABED,2.574854617950271,3.3327714340216494,0.2819090147415079,0.4122460163634367,0.38649558915475674,0.7447229884930312,3.08779535501238,3.9729781761266656,1.5616024643977653,2.067258371466636
JA002,4.0,ECMWF,5.764737997683516,7.007677271324452,0.7269401972184139,0.8265021264037445,1.2559666146279527,1.4165464300968804,16.00866604627161,20.143917512091587,8.812011359882362,10.752116510882306
JA002,4.25,ABED,2.5979969101170743,3.358948842807803,0.2846200214406461,0.41726127021225545,0.38783829221024746,0.7454777545185092,3.1057453908210846,3.9807467512601926,1.559496788358653,2.063653650164377
JA002,4.25,ECMWF,5.775500107160394,7.015643399949576,0.7264476339910247,0.8260112932655171,1.2565984931005307,1.4172364381831286,16.017368710145345,20.15588211690329,8.806307087190298,10.743798631026426
JA002,4.5,ABED,2.568699962808721,3.328903540703031,0.2809048243015769,0.4118069759786479,0.3864286007709244,0.7455370281921777,3.08443248469924,3.953826590441546,1.5574490283126277,2.069214304445963
JA002,4.5,ECMWF,5.784979270291216,7.022949816232511,0.7257081163512137,0.8254104980377764,1.2567812582094235,1.4176413231612348,16.02274737400671,20.16434695537192,8.79989311890164,10.736937306401552
JA002,4.75,ABED,2.558844186982108,3.3415387292064764,0.2808884606342091,0.4108964523370896,0.38718369358035126,0.7468084755467406,3.0961735176795933,3.9826398109641157,1.5543291127557193,2.0741919109067237
JA002,4.75,ECMWF,5.794064784212819,7.028966708343835,0.7254136928124914,0.8252355539229512,1.2568467916384483,1.4179707889355175,16.028044814105257,20.172483985291468,8.794948657833274,10.73135870445255
JA002,5.0,ABED,2.5639044525264403,3.34426870174211,0.2807804493117018,0.4127344418640144,0.3910121020972872,0.7532770491374202,3.1099985738226983,3.999025414356565,1.5593455897842432,2.0803533119639557
JA002,5.0,ECMWF,5.806179635830247,7.0379882006012275,0.7244609682768283,0.824265176206332,1.257429399604369,1.4186603629127343,16.03381349886405,20.180321123961104,8.787781802980044,10.72289040290448
JA002,5.25,ABED,2.5729034047597605,3.353865563026998,0.28414133771948485,0.41677965234930303,0.39375651621748214,0.7549786347863446,3.1125120751732234,4.0072880767093615,1.5666007915478986,2.0897041558620746
JA002,5.25,ECMWF,5.81490519289122,7.044475008323229,0.7234134850707733,0.8233115638928573,1.257901756017515,1.419217463456673,16.03935386864132,20.1865457288839,8.778517203709173,10.71163706260685
JA002,5.5,ABED,2.5930382510602166,3.3967571983319123,0.28628032369866135,0.4213476880611806,0.390361994187057,0.7498460738173327,3.1205313580353504,4.031366685421214,1.5654001376260567,2.100447401657364
JA002,5.5,ECMWF,5.8221807212571335,7.050104405179834,0.7222479231753173,0.8223543159831326,1.2585034935242863,1.4199046341838342,16.04112550868378,20.190157959116707,8.769138146412102,10.701938946474868
JA002,5.75,ABED,2.5963218183600314,3.4141647883800355,0.2845625104645245,0.41807216152308974,0.3908147712377654,0.7513257565189002,3.1367325576643452,4.052407323696539,1.5620538286724088,2.10002459419378
JA002,5.75,ECMWF,5.827496807023938,7.0544777715229925,0.7219219999089287,0.8220844411110372,1.2596324794932654,1.4208146840935114,16.050472735826173,20.199998439251537,8.760713705958802,10.692872026989857
JA002,6.0,ABED,2.594960291207252,3.42335128041415,0.2839316671477944,0.41528204373356015,0.39054707684899276,0.7511421471342309,3.1370940065736854,4.0676172534520605,1.5617309618898314,2.1041749511474395
JA002,6.0,ECMWF,5.833019985414356,7.0551424420327296,0.7209197286162555,0.8210611139790489,1.2609905937167625,1.421943797695032,16.063684775158233,20.212503057879214,8.749375484848239,10.681104873273323
JA002,6.25,ABED,2.618669979541306,3.4493776841507646,0.28686835544735584,0.418702565670031,0.3930199473990506,0.7537141853847014,3.157400574005957,4.094056253584555,1.5686508461340054,2.1154080686561763
JA002,6.25,ECMWF,5.836341689382119,7.053875517665919,0.7193166494851676,0.8194946873143183,1.2626032775549876,1.4232676124949242,16.073641596297406,20.220558452909376,8.735453284546153,10.66893948341771
JA002,6.5,ABED,2.642383137204977,3.4775474002782376,0.28917981745951515,0.42306528866825066,0.3943801847236336,0.7543676451690038,3.168778871463322,4.107971977139204,1.5770884947053976,2.12866013277724
JA002,6.5,ECMWF,5.839243571734922,7.052739098742731,0.7182584399359403,0.8183245461054112,1.2639482990869038,1.4243901188960566,16.082415619442,20.227529056051754,8.726286608785749,10.660410817197178
JA002,6.75,ABED,2.6594324817169843,3.5069468378445343,0.2888376544656506,0.4220811609444829,0.39810851422718946,0.7591317773285482,3.1864913227153315,4.137631196245817,1.5820683623078367,2.139583452321096
JA002,6.75,ECMWF,5.844304651700952,7.052675665332264,0.7175693257603876,0.8174708218533243,1.265106035595208,1.4254730141006218,16.092700866287057,20.236625372264378,8.721082041792556,10.655144982330295
JA002,7.0,ABED,2.675129891491116,3.5381729171929486,0.2885783397272863,0.42111886613704547,0.4040547334267815,0.7665099403249849,3.2086557895025485,4.17096090379396,1.5876840695354986,2.154009378248577
JA002,7.0,ECMWF,5.850580303748528,7.055769276475009,0.7166718000823803,0.8163149431029991,1.2667125586560757,1.4268056975542982,16.10572349439935,20.245616205939847,8.71391918387391,10.649516984039975
JA002,7.25,ABED,2.701864254246409,3.582728667502753,0.2924727713248933,0.4259218014876295,0.40618605811078257,0.7686037190489378,3.2443948113088177,4.229530383592553,1.5972609286835298,2.175986058321806
JA002,7.25,ECMWF,5.858918492000716,7.062290597943305,0.7156034173467679,0.8151704326524014,1.2678727544253323,1.4278766520554935,16.117489122317867,20.254660255751876,8.707019488945946,10.644916949240487
JA002,7.5,ABED,2.7204439860893412,3.628606510257897,0.3000268056030002,0.4366743112295884,0.41150218679969813,0.7726575480582965,3.2857677864553807,4.29946217773935,1.6271018277672435,2.2167332870568144
JA002,7.5,ECMWF,5.86511174812357,7.066060604021034,0.7147521121634263,0.814169236716751,1.2689744635291296,1.428954385343608,16.132260897866377,20.269018470682003,8.701938564171229,10.639537016506813
JA002,7.75,ABED,2.7363179280414545,3.6707698792323127,0.30580525479367293,0.44413285758294346,0.41582368701497124,0.7756318420323732,3.322897659245579,4.360738691821617,1.6426871451308216,2.2380971177689792
JA002,7.75,ECMWF,5.866615631368259,7.065619675186832,0.7139032768766658,0.8133052471159242,1.2711545878006494,1.4307748697116764,16.153421612537304,20.289185162546516,8.698948251621983,10.637198069246974
KA002,0.0,ABED,2.6708095050284384,3.547768801688855,0.19016060285122394,0.35216222674701414,0.197732595862959,0.34760119806740875,2.898204208526901,3.8228273119430702,2.6902283450781397,3.579692588703831
KA002,0.0,ECMWF,3.352470197613974,4.313617831503126,0.9136416556333793,1.0098414219102192,1.0342238958791439,1.141169045386286,16.133248310958464,19.627464391735067,13.78968898447445,16.96327313362943
KA002,0.25,ABED,2.7466252373723816,3.6322403432386863,0.191585495349989,0.3531954967688646,0.20045772290219485,0.3518669626568823,2.957907350535455,3.889999730639265,2.7440133376831,3.65629467525404
KA002,0.25,ECMWF,3.3576848957762855,4.319226900401964,0.9142592228556227,1.0104761362656696,1.0348364118278712,1.1416208476928749,16.131813712685716,19.621650780837633,13.787056176439583,16.95857595803927
KA002,0.5,ABED,2.7635998716065786,3.6449817862275027,0.1928672506939757,0.3546817729421961,0.20150359134345056,0.35323306226669793,2.9671782806785814,3.9012670662008877,2.769324969376612,3.6882484487014615
KA002,0.5,ECMWF,3.362868523140856,4.324286236010557,0.914721635629775,1.0109430431713358,1.0354755293209905,1.142010916376487,16.13228627916438,19.61698896271347,13.7824961318022,16.954706178916062
KA002,0.75,ABED,2.78659846446053,3.682243085041102,0.19514319731161547,0.3588089768706963,0.20145496600671833,0.3513101722751613,2.9875988657354355,3.923615732940524,2.7915869531686135,3.7167062776724995
KA002,0.75,ECMWF,3.3681671517581484,4.3309259966487375,0.9148945755776552,1.0111139939692113,1.0359530471650031,1.1424206679014735,16.130466835992678,19.610615119781453,13.773567743466307,16.943453756767042
KA002,1.0,ABED,2.806085314787444,3.7105533805946203,0.19584906591259207,0.36076925734438126,0.20159353240719183,0.35141092080155695,2.993333262704103,3.934771529794159,2.8163712017067155,3.757688396483794
KA002,1.0,ECMWF,3.374960707449659,4.338571159086994,0.9151375987312486,1.0113717094118617,1.036595329576165,1.1430070012094395,16.1305731068587,19.60740388827705,13.76326414408526,16.929945061444105
KA002,1.25,ABED,2.8171054335618138,3.7391915214021796,0.1971511336054016,0.3630694568809758,0.20378665773503957,0.35442603891553603,3.0032956692798507,3.9684544483517112,2.819081301061184,3.7688437416386984
KA002,1.25,ECMWF,3.379247179145708,4.3431567369143815,0.9153584818544744,1.0116067582585921,1.0375757168253357,1.143815653454189,16.131818247906082,19.604374741562573,13.751298126184386,16.915740166438187
KA002,1.5,ABED,2.815280345824714,3.7445288640144048,0.19825066037390504,0.3642252239623374,0.2050261026549569,0.3557138667596028,3.0097567766883913,4.000257552397092,2.8176445430685817,3.7560599437444253
KA002,1.5,ECMWF,3.3846198438779296,4.348620377151208,0.9155244373792298,1.0118175792375974,1.0383919296532005,1.1444014991240603,16.12940445987769,19.596594607250786,13.738700400404221,16.901349727488963
KA002,1.75,ABED,2.8266183663776014,3.7551106061835573,0.20130514965497248,0.3707731637410698,0.20494575849780075,0.35521214439609033,2.997241097359165,3.993153598014134,2.824259659366362,3.7619692015368558
KA002,1.75,ECMWF,3.3926434377665386,4.3564544538423915,0.9158062777433668,1.012154974011546,1.0390432016437126,1.1449589710881491,16.12304718409824,19.5868169440763,13.726727015414177,16.886745182772437
KA002,2.0,ABED,2.8510352220919746,3.7643625917383425,0.20300855037411716,0.37315416572018056,0.20649568433321752,0.35766213590681617,3.0111220141144863,3.9820107597269847,2.829256408597151,3.759829403550507
KA002,2.0,ECMWF,3.4012793709100557,4.365103782943521,0.9159531276132414,1.0124144775613502,1.0396416121039607,1.1455837799462893,16.1173580676475,19.57868240931554,13.71560938772044,16.87234441342261
KA002,2.25,ABED,2.8554860582144594,3.7751786753053875,0.20114314920014273,0.36752156689089943,0.20767868536975542,0.3614480497601084,3.0213187389537475,3.982403917156896,2.8268351595293097,3.768330915527186
KA002,2.25,ECMWF,3.4046209339590887,4.367416336619791,0.9162861113365125,1.012873054827593,1.0403750601960853,1.1462308483445307,16.11308848810383,19.570253434565497,13.702430958455158,16.856665283236893
KA002,2.5,ABED,2.843827949381817,3.7642112552712326,0.20288287830510768,0.3701150847168466,0.20911059933406687,0.3628639008625047,3.0169348840589314,3.971236204986411,2.8217640292626434,3.776497457307598
KA002,2.5,ECMWF,3.4097557620178134,4.372924266730486,0.9166790780420291,1.0133469694895154,1.041119371386279,1.146890996704433,16.107841888218726,19.564188320645016,13.691484156360149,16.8445156291124
KA002,2.75,ABED,2.8695269806438026,3.7977059482793747,0.20410977490129203,0.3719763185254157,0.2109054886271385,0.3652153052830952,3.020752098686444,3.9987792320850444,2.8259232763501436,3.7609022385406052
KA002,2.75,ECMWF,3.4182294228755183,4.38184079638921,0.9165893785108287,1.0134557930662336,1.0417125292231006,1.1474717676735102,16.098320111749857,19.55492953597226,13.679007220011556,16.833133458788502
KA002,3.0,ABED,2.8748907519835316,3.8110999117177355,0.202237355080474,0.3688124044745786,0.21013939569194348,0.3656592666698494,3.0024819479317557,3.9893131399025954,2.8230890309456904,3.7287891528814723
KA002,3.0,ECMWF,3.4244550866626677,4.388384957741883,0.9164319681107944,1.0136028278281737,1.0419811843700952,1.147897619824826,16.089246921579957,19.546751708132547,13.669040086037532,16.822269109866685
KA002,3.25,ABED,2.852839151664488,3.7645345404180985,0.19855535862332055,0.3602901470311947,0.2093958769122594,0.36580280297969053,2.966648747479818,3.926552331359915,2.8111256057154606,3.7005767201300124
KA002,3.25,ECMWF,3.431921604426512,4.396599386756589,0.9168656045561164,1.01423333220411,1.041767656802121,1.147803674799594,16.073231177614627,19.53242502934123,13.661233906149924,16.813647659263584
KA002,3.5,ABED,2.8550630733160425,3.7488086345100617,0.19785905782086646,0.3610982510844208,0.20828153052012363,0.3615882392563534,2.954404998230378,3.8949453939645324,2.793197305738128,3.690259464710978
KA002,3.5,ECMWF,3.437366906657035,4.402977367404508,0.9168276836284234,1.014433566687931,1.0417201660748125,1.1479062206304742,16.05800277636452,19.520434903242762,13.645449162971767,16.79953989485207
KA002,3.75,ABED,2.8648347451134204,3.757938113790892,0.19884611109222308,0.36255309062389673,0.2092008327736163,0.3626782947331522,2.9623313145437655,3.8977781248187067,2.797432625907883,3.717606366424145
KA002,3.75,ECMWF,3.442937849959811,4.408482312402598,0.9166565024703757,1.0143838368621851,1.0418414159931482,1.1480834546385075,16.042337916119017,19.506379641495535,13.630663452627708,16.78630618737953
KA002,4.0,ABED,2.8692385135990484,3.7698201457884166,0.1969407799937247,0.3574358054481013,0.21120415955350016,0.36930686961211634,2.9777681288752924,3.933657357746811,2.795057279700965,3.7316597654151415
KA002,4.0,ECMWF,3.451515240232711,4.416824664360272,0.9171963197361516,1.014842128025389,1.0421515623607636,1.148310043571692,16.029347222733705,19.49330987429039,13.621253997064143,16.776864124679083
KA002,4.25,ABED,2.8704083920398573,3.774112262491661,0.19667023665091085,0.3570830409297846,0.21220712395121769,0.37002337713307903,2.9860872338005415,3.94703302326666,2.799440724314991,3.739034018378032
KA002,4.25,ECMWF,3.4549927202258304,4.4222230776080345,0.9172722543217197,1.0150305561765967,1.0426832872263907,1.1487829593492513,16.016727491015878,19.477709010996925,13.608683839539026,16.76650875455955
KA002,4.5,ABED,2.8787447871151564,3.781241260606029,0.19682768495649608,0.3573110311223035,0.21360492520607757,0.3745980943304497,2.9968743967436544,3.966057489261013,2.8056526690934334,3.738767954785279
KA002,4.5,ECMWF,3.4601794530632475,4.426936407250065,0.9174666697286099,1.015327059406298,1.043217215274322,1.1491750203526128,16.004363580849546,19.461182642045447,13.596662900533781,16.754305676937946
KA002,4.75,ABED,2.89249610994602,3.7987358094861117,0.19699136428823957,0.35706354788188943,0.2150580463890842,0.37710107496331513,3.0245962802320414,4.0112584720531155,2.821584426410027,3.751855324068456
KA002,4.75,ECMWF,3.4655241874593927,4.431760913091265,0.9174179610231926,1.01528606664444,1.0438094784092382,1.1497313829005886,15.991667849047658,19.44518658936052,13.581287272034572,16.738224630073233
KA002,5.0,ABED,2.9108739432996287,3.8422277077670395,0.1985802523545951,0.36026796326037314,0.21546877219621097,0.3760976679745878,3.040914950036646,4.045164315361549,2.8362070270171293,3.7770988217266983
KA002,5.0,ECMWF,3.473398152549393,4.439870482129421,0.9176800113855834,1.0155792816225244,1.0437985104211622,1.1496789770221827,15.974366876558163,19.423761886698163,13.56618077890306,16.722635931042532
KA002,5.25,ABED,2.916554449478996,3.8597449396263475,0.19884201605391427,0.36000666909931345,0.2166202699679698,0.37740269147724065,3.0549097318682166,4.072619354032254,2.8533661920585778,3.8080040309993066
KA002,5.25,ECMWF,3.477296585207481,4.443839705952171,0.9178707391012143,1.0159304911650893,1.0437445978784263,1.1496559605437175,15.955687297282969,19.402573030689933,13.552764269263522,16.70732790679973
KA002,5.5,ABED,2.9255896778389334,3.8727658128211173,0.19967203618968302,0.3585628686578671,0.21939459833840513,0.37989865896580544,3.0669635379925544,4.092833679522808,2.8816310962841576,3.8457957872717383
KA002,5.5,ECMWF,3.485387662927131,4.4519395802416515,0.9178205961802478,1.015798800378068,1.043655294931929,1.149531227669922,15.93648243577045,19.37733420559335,13.538121575306667,16.691502934424353
KA002,5.75,ABED,2.953137280400957,3.897338020102718,0.20214641404487632,0.3638836774538525,0.22092341449830025,0.3824246975986998,3.086762204929831,4.119359748756046,2.904841154520303,3.8757680190411206
KA002,5.75,ECMWF,3.4923364497041263,4.4604591400911,0.9173191389226124,1.0154035847755323,1.043945384853837,1.1498680074072,15.919548189094712,19.35398546665697,13.522477556811618,16.67565863665346
KA002,6.0,ABED,2.9783727636978985,3.940481286329994,0.203337901936154,0.3649581901782857,0.22210965381256198,0.38239165825284327,3.1150824837566993,4.1343416420730685,2.9254800033271144,3.895171320259677
KA002,6.0,ECMWF,3.502066217791148,4.471155381281427,0.9166588758994147,1.0147666786543728,1.0442851612288935,1.150174681082858,15.905297677594197,19.332838066790835,13.504205928564703,16.654642028875884
KA002,6.25,ABED,2.9917047959248713,3.9623996114237383,0.20563331168170765,0.36812375965692723,0.2228105544245881,0.37942343842322235,3.1353931906898347,4.148390416140618,2.939099907980259,3.9133607562443
KA002,6.25,ECMWF,3.5098210014120714,4.480511119577138,0.9163132887015527,1.0144068440670986,1.0443175029273857,1.1502521767626792,15.89265751532623,19.315895590333486,13.48787477691675,16.633673676680715
KA002,6.5,ABED,3.009803672386895,3.9718845071699205,0.20686051752748433,0.3700373293314433,0.22463377377986313,0.3813318060184662,3.159365295490564,4.183140586907256,2.9455641088100797,3.9323834001176703
KA002,6.5,ECMWF,3.516751538983056,4.487303666548504,0.9162436785840852,1.0143553579468614,1.0441182443164192,1.1501439726001446,15.880729950849668,19.29732208337713,13.474895449866702,16.61579571768098
KA002,6.75,ABED,3.033906925855613,4.001505195643542,0.20880632056719836,0.3724149686395429,0.22494700525227865,0.38096561735044193,3.1930948997698274,4.224866899947557,2.9654902411281605,3.964838006640713
KA002,6.75,ECMWF,3.525146617227252,4.4958804623022735,0.9160371140090318,1.0142570894989065,1.0440723945027894,1.1501089089892411,15.868389502670567,19.278912397155878,13.462387238871647,16.600322825939507
KA002,7.0,ABED,3.0718607290805857,4.050480945992678,0.2108919683346886,0.3708109456891908,0.22667891431033618,0.3811394823809129,3.2493583455875523,4.276561581088886,2.9995460563677625,4.018421427181347
KA002,7.0,ECMWF,3.5329440325272365,4.503211487214173,0.9158462521328307,1.0140079854174193,1.044436740169915,1.1503488656293483,15.861055896555433,19.261723885946736,13.451155926477364,16.589540074241004
KA002,7.25,ABED,3.1112166382815487,4.097743942947195,0.21360724954133645,0.37147135832582334,0.2309796638891144,0.3854758853803479,3.3056403471920626,4.34683441524529,3.058847054258422,4.091216933044997
KA002,7.25,ECMWF,3.541152641203085,4.512233485471329,0.9157654458543328,1.013875731663182,1.0445047013936857,1.150354525670009,15.850047337900051,19.242665746499327,13.442582759741272,16.580371271913062
KA002,7.5,ABED,3.1656185182297985,4.1678068876254635,0.21711157896516334,0.3753406097053564,0.235946812367155,0.38848422438453684,3.3649354872848867,4.440777166396533,3.108454416047001,4.159475695221691
KA002,7.5,ECMWF,3.548225232389157,4.521663849573627,0.9158121457356417,1.0139608112315925,1.0440809002378721,1.1498929374099538,15.831419653060493,19.217832774983307,13.438171305621315,16.573565339651605
KA002,7.75,ABED,3.2188829947325366,4.2366883300304305,0.22139627477241527,0.38055594841398643,0.24177951744118,0.3943165705479483,3.4380267168591367,4.560629749272008,3.1510685335988455,4.236066956214372
KA002,7.75,ECMWF,3.555614494891446,4.5306544023033055,0.9154401456544292,1.01359357621252,1.0437983612453288,1.1495458211132994,15.81731616804567,19.198912975824005,13.433874458405088,16.56761484279112
MB,0.0,ABED,2.139384222022466,2.7650361388991307,0.1924923746930364,0.31496884760589716,0.2222511744651017,0.3984736552786546,2.45821497988436,3.204912111741085,1.916278082514206,2.5802563917048675
MB,0.0,ECMWF,4.537355342269644,5.523394406558801,0.8593942164014642,0.9440344814887682,1.1202598118204465,1.2306066161994889,14.359707775629731,16.927562434986246,10.42586292626106,12.451107868594278
MB,0.25,ABED,2.197570400956435,2.833151797070204,0.19654389682009646,0.3225432554299389,0.22588000484340606,0.4044587690899567,2.5088935419141003,3.2702352136465684,1.9549072067554032,2.630512671933997
MB,0.25,ECMWF,4.538777567635437,5.526597656174032,0.8592224833964942,0.9438512969056937,1.120620281125013,1.230903455306828,14.35588758185643,16.92241829738073,10.423812200679519,12.447915355574006
MB,0.5,ABED,2.1965579298871645,2.8224495801769085,0.1972348529066129,0.32457656552282627,0.22765109662685842,0.4085043624391945,2.5021929603390163,3.2624460077059436,1.9787301519057412,2.6550452936341915
MB,0.5,ECMWF,4.540652264862644,5.529346858667502,0.8591473498665755,0.9437843497244304,1.1209090492441218,1.2311284704202847,14.349887266713418,16.915041299922308,10.422973627331876,12.446195715160286
MB,0.75,ABED,2.197025408878156,2.817230144939546,0.1959329583568942,0.3238977671357278,0.22753827774871338,0.4096877264585866,2.495473430118485,3.2526753241149726,1.9890293710811118,2.6532078012759115
MB,0.75,ECMWF,4.543371887953747,5.533050022641609,0.8590240938481434,0.9436954566204359,1.120711544747956,1.230908792973907,14.338665010807622,16.903439686019425,10.421169455092231,12.442931191268135
MB,1.0,ABED,2.201282527009639,2.8153881182522964,0.19333650753149256,0.3213533449681028,0.22494115721452745,0.404497408454705,2.4816603424169443,3.239409446023477,1.9892027128459329,2.6481872730017577
MB,1.0,ECMWF,4.547088341902512,5.5377905850236155,0.858849333422597,0.9435121051403056,1.1205859536402012,1.2307136454929841,14.327443715634212,16.891358642299362,10.415727224849434,12.435316670646866
MB,1.25,ABED,2.1842935845718032,2.7879917705586243,0.19184819074374104,0.3170951494369568,0.2242500505231045,0.4018303638581778,2.461404100204163,3.218236247915452,1.9797787693020534,2.6412371551087763
MB,1.25,ECMWF,4.548802600596814,5.539013728366563,0.8583310703521959,0.9430195091385664,1.120564032131726,1.2306630153306017,14.31859722981766,16.881708020990313,10.407408025368241,12.424991147916261
MB,1.5,ABED,2.171509187964178,2.772100028471334,0.19285750547912137,0.320634554794779,0.22579754189977816,0.40329861340740664,2.4556116341245797,3.2238312486094136,1.967920588678074,2.6204373085808155
MB,1.5,ECMWF,4.552934504675282,5.541848032671505,0.8578105388348591,0.9425238481647742,1.1204546485337394,1.2305139724835585,14.310401162757648,16.87088834816074,10.399295780965977,12.414186499271995
MB,1.75,ABED,2.17147210123761,2.784645401730341,0.19358632358237995,0.32192963303265437,0.2248584648651378,0.40228570707201544,2.448391605273476,3.217514037832687,1.9661236625627982,2.610926170108009
MB,1.75,ECMWF,4.555912727516603,5.543224822858356,0.8572363533409768,0.9419660707961967,1.1202643626560826,1.2303765052311932,14.301657918314154,16.85961142940001,10.391029960308318,12.402394634754893
MB,2.0,ABED,2.163035820427987,2.7747579746984425,0.19218757829772357,0.32017809501087124,0.22636453608936055,0.4059867488749971,2.439154361966454,3.2087634148103996,1.9376704682730026,2.5824565723038093
MB,2.0,ECMWF,4.559021046440292,5.543989871996879,0.8569852748133586,0.9417638674781688,1.120365232922879,1.230492942411603,14.29347632589168,16.84797376029133,10.382740028814759,12.390525937961002
MB,2.25,ABED,2.147087512046735,2.7471213508126064,0.19259036684499023,0.32053888379266443,0.2282161274765188,0.4085226347201404,2.4375470142016034,3.20990381349864,1.9264784520140286,2.5735996357150515
MB,2.25,ECMWF,4.560568871073277,5.544028056823668,0.857145069046632,0.9418262714892455,1.1205572140015272,1.2305994407979775,14.284212601103269,16.834915728279093,10.374440113054007,12.380275500256813
MB,2.5,ABED,2.129977955252832,2.7177402757100992,0.19494177788945785,0.32401108716786536,0.2306638015249597,0.4112032637088694,2.447964169548868,3.2128759256617507,1.9180045845416014,2.5635048537825553
MB,2.5,ECMWF,4.562247851251008,5.54225762055376,0.8570965647382502,0.9417743775739271,1.1206844991398477,1.2307822013770162,14.273963273748079,16.821222582905943,10.365801570371914,12.368009410190222
MB,2.75,ABED,2.093916097849379,2.6848856025015198,0.19626983319336624,0.3273327671007489,0.23044894687141984,0.41156624892971083,2.433721199477683,3.190739511361407,1.8922506753378912,2.5340298163687205
MB,2.75,ECMWF,4.56441193534905,5.543408729306337,0.8570022569620983,0.9416684276382926,1.1211586797607518,1.2313024402348074,14.261719974692882,16.804623278290794,10.356140840891944,12.353589238237934
MB,3.0,ABED,2.088499198801379,2.682935039420521,0.19457490685034903,0.32651981237534183,0.22836285166879958,0.41016202254628353,2.4238937654730157,3.163433765948239,1.8707849318419296,2.5144438276004903
MB,3.0,ECMWF,4.565811439116,5.5441909318832066,0.8569927901785084,0.9416315209506817,1.1219255553587226,1.2319480532912255,14.250782533966776,16.789350231267644,10.346421034216261,12.338509902417487
MB,3.25,ABED,2.0898996868407496,2.6839267099010335,0.19476790191191987,0.32718190585520074,0.231009436232375,0.41670374753752976,2.404703817980893,3.1371738988427182,1.8856916877865235,2.5221247391878556
MB,3.25,ECMWF,4.5686126560827445,5.545663399938933,0.8568146351335179,0.941580914297635,1.1219378333580383,1.232067418488898,14.231879930284897,16.76861858956094,10.33448669443572,12.322358884540527
MB,3.5,ABED,2.078857839148755,2.6785123795855155,0.19368541587041743,0.32711253712520144,0.23026070275786492,0.4169459894206388,2.382663063327224,3.112682880045938,1.8854815262620832,2.516251759270865
MB,3.5,ECMWF,4.569308291447707,5.545997262940698,0.8566756097276728,0.9414821467445287,1.1217968311009727,1.2320512939028867,14.214229399437228,16.75003323371488,10.323040434858116,12.307704820616147
MB,3.75,ABED,2.082181254895457,2.6842571188568094,0.19335517746244943,0.3275703914160545,0.23140080337756633,0.41898116663933954,2.378090695836969,3.114715794405432,1.8713389256884814,2.500085955634574
MB,3.75,ECMWF,4.5698668605252815,5.545528028886093,0.8565936998315049,0.9414830238204707,1.1214147612578342,1.2317717570158946,14.195484306824769,16.727476765430737,10.31102330704278,12.291935439043668
MB,4.0,ABED,2.093701552011048,2.691610258358402,0.19420102982304735,0.3282277103074568,0.23313434000861374,0.42349256496247045,2.390927227480764,3.1298193924290456,1.8759154414547083,2.4910268827808615
MB,4.0,ECMWF,4.569180325288321,5.544485387980527,0.8566062077920086,0.9414495424097381,1.1211274443370376,1.2315311844847963,14.176566229681155,16.704906199019895,10.299882333943847,12.27726081339468
MB,4.25,ABED,2.102897629718035,2.700157198998205,0.196035978559051,0.3327455208201118,0.23305607771513104,0.4227688375855623,2.4076039767666466,3.1538278652477163,1.8824737414380859,2.5047699299358777
MB,4.25,ECMWF,4.5695318987083295,5.543561209076547,0.8568488757968312,0.9418006387337255,1.1203822111971988,1.2308294504679458,14.151956956846425,16.67795247262099,10.290308871076475,12.263487643993452
MB,4.5,ABED,2.127044677564541,2.7272859896474317,0.19860741471829244,0.33680770563795076,0.23374996672131987,0.4217045824879428,2.4257211949043267,3.1755123804184415,1.8918065811863016,2.5115877225854426
MB,4.5,ECMWF,4.570162510940265,5.542026899889592,0.856759944801636,0.9417378662942902,1.1201631364668352,1.230628433761338,14.130988417386346,16.65484980096797,10.278246785986257,12.246444964654811
MB,4.75,ABED,2.1501941349098717,2.758653795235236,0.1995427974537478,0.33830668101269934,0.23543977268230742,0.42300650451174565,2.445134923759421,3.2005653677786667,1.9024106941606078,2.5204022030942235
MB,4.75,ECMWF,4.570914144383999,5.541839545041225,0.8569138319371005,0.9418697448042108,1.1198707774162424,1.230295139041332,14.106889595473966,16.62885820150961,10.268225706477928,12.230789459410158
MB,5.0,ABED,2.1582920845455864,2.7673881762929784,0.20097398492081564,0.3385621207673771,0.23622716222052123,0.42251163420515314,2.4625998870869807,3.2277670853200147,1.9088543485410507,2.528551520119466
MB,5.0,ECMWF,4.573008945319817,5.543013070303872,0.8568193937930326,0.9417155801769901,1.1193698649451662,1.2297254592882232,14.079440896637422,16.600702513752015,10.255134073238892,12.212199719548368
MB,5.25,ABED,2.1693001115733455,2.7783465715858804,0.20015717511864306,0.3357686434267258,0.238964312027052,0.4274054115074736,2.481265637880521,3.240843227244063,1.9180092159643511,2.5394964641853934
MB,5.25,ECMWF,4.568936816240185,5.538740054494985,0.8567209430825088,0.9415935931584655,1.1186120586854615,1.2289877414166022,14.053787620215097,16.573276507989675,10.242616568286522,12.196869006281858
MB,5.5,ABED,2.200740864374689,2.8137941821329,0.1999392780186917,0.33254408862995427,0.2414343200632407,0.43142543327388727,2.5073252793433007,3.2627519126871847,1.9331343723354923,2.559715488468308
MB,5.5,ECMWF,4.5666190395882165,5.535090417731748,0.8562082852772712,0.9410568071399674,1.1183603768742134,1.2288344440690249,14.034418709221393,16.55097019545009,10.227344898942244,12.181687743589173
MB,5.75,ABED,2.2178811951728368,2.828012555946189,0.2000500637989929,0.32921572555632256,0.2449298604062182,0.4342230150256594,2.526310268265661,3.2798914928342495,1.951164479009094,2.577634608066569
MB,5.75,ECMWF,4.565354357359125,5.531605901386959,0.8560800722080937,0.940736138817307,1.1179337786255437,1.2285599089115113,14.013304915441038,16.525729032413853,10.214534368021303,12.167784300054398
MB,6.0,ABED,2.227026783400319,2.8317605934985046,0.20173654819011308,0.3337191434398639,0.2501081758207133,0.44428003840331015,2.5427960104570957,3.2981822806246712,1.9587339865856848,2.583004536838178
MB,6.0,ECMWF,4.566277458090581,5.5307307752213966,0.8558973065015018,0.9404881907481781,1.1172319429998838,1.22796352724709,13.990001095674048,16.49937771176352,10.20087204312064,12.152654387034136
MB,6.25,ABED,2.261196257039618,2.8605864787817885,0.20660892825084265,0.34282083871332103,0.2521799779029594,0.44598075578211704,2.569954116943336,3.3326008928717528,1.981682587362987,2.6074271672693627
MB,6.25,ECMWF,4.566706823801153,5.528736049244775,0.8551388522674123,0.9397802257456797,1.1166227217773186,1.2275325282943446,13.971809043698366,16.47684021571667,10.185801628823414,12.140364468373557
MB,6.5,ABED,2.295299838575762,2.8976382985081424,0.2108209849894215,0.3476216988546763,0.25335925863185044,0.44609844602518556,2.5998096007333515,3.365306977816068,2.0065683596255135,2.633822811252183
MB,6.5,ECMWF,4.569663532281739,5.530740663159605,0.8542478333652831,0.9388990947697821,1.1166482407290361,1.2275133253368429,13.954346346802774,16.454663700962413,10.170719642296776,12.127592206939694
MB,6.75,ABED,2.3236785222731258,2.937242010266678,0.21299988757918817,0.3494873159208731,0.2539773759710601,0.44559267010858666,2.616341979514497,3.3939595449309423,2.0295120489734777,2.66348893520653
MB,6.75,ECMWF,4.5750883485245675,5.535922571883462,0.8539465991681613,0.9385667685934986,1.1166110626446812,1.2274310647743494,13.936077691217752,16.432796758013286,10.15930000185799,12.114335902205353
MB,7.0,ABED,2.355557218758783,2.989543576040185,0.2175111755671443,0.3567446771267372,0.2563530668773793,0.44727511944671905,2.657099413960774,3.4543035067894587,2.0567771522582916,2.708867556588763
MB,7.0,ECMWF,4.577974988609308,5.5388473810087175,0.8533939102656035,0.9379656481888179,1.116499037243,1.227520452299908,13.91949235563194,16.415843071309283,10.14489017753658,12.099568881839096
MB,7.25,ABED,2.4018583857743567,3.0433685093394685,0.22238291710766941,0.36116522880664037,0.259762924351068,0.44827176719845896,2.7210405659079697,3.5287616290129646,2.097928304282656,2.770590206613223
MB,7.25,ECMWF,4.5786707094277475,5.5373662333630636,0.8527718477194858,0.9373871953374266,1.1162050846535572,1.227176757231185,13.896182952864772,16.388650173801764,10.128842767542753,12.086196340570902
MB,7.5,ABED,2.4281544154170174,3.08858810783723,0.22490602662807682,0.3610865120809562,0.2642419971676274,0.45199958024594133,2.7691856932791175,3.5894928394340906,2.13261788365268,2.8285022669006707
MB,7.5,ECMWF,4.579254522074563,5.5365492496318,0.8523538547008153,0.9369972152414889,1.1159272593127938,1.2268766455244982,13.87311449451449,16.36234951150196,10.111368488409394,12.072311359343301
MB,7.75,ABED,2.4658419141093515,3.1452557758636455,0.23080447877152035,0.3693325674447376,0.26790161290940057,0.4549137336047445,2.8188888855481005,3.6546660099091834,2.180774622661526,2.8897430187532187
MB,7.75,ECMWF,4.5775519179195845,5.534754692288451,0.8518562485927105,0.9365127494897265,1.1154838448275057,1.2265157158886226,13.85241057027063,16.338624695659554,10.094617148971153,12.05890324022599
PM,0.0,ABED,2.2964791578925827,3.0063698070622453,0.20098022099639776,0.3343807547429408,0.21269217512142968,0.36343894723690706,2.5081018902616656,3.316050789806329,2.374755637260023,3.1352092534852236
PM,0.0,ECMWF,3.6580049259446974,4.465328836066475,0.9118666874310181,1.0073557401628417,1.0629871894956764,1.1602726399716914,13.727545523850237,16.262495695827923,12.228340604595465,14.552388756327717
PM,0.25,ABED,2.3374401314931936,3.055157045494983,0.20267220172479647,0.3373445043637693,0.21557672451104906,0.3673594841254295,2.5555282131490458,3.3771783856247652,2.3947414538832468,3.1588869086673395
PM,0.25,ECMWF,3.659282514223843,4.465413077201826,0.9116327771856211,1.007132626711314,1.0627450745448368,1.1600097191903949,13.722143672177141,16.256861358333808,12.224072555032869,14.548093592076256
PM,0.5,ABED,2.3568068920020715,3.086311330609765,0.20465289778825277,0.3402218910436223,0.21952364756522066,0.3747088439065552,2.592568822939029,3.4311325136836324,2.411781774594298,3.1781340681629393
PM,0.5,ECMWF,3.6634731859284195,4.468604630904082,0.9109100688403853,1.006652878740841,1.062481546487514,1.15983375018889,13.716375934898101,16.251610452619918,12.217107545021115,14.540834046319171
PM,0.75,ABED,2.354311452147982,3.0919794467500115,0.2067888407940298,0.34257650183549493,0.22205543219952503,0.3785727711041725,2.6162760633029998,3.468048564494362,2.4325078817270573,3.1992957937149606
PM,0.75,ECMWF,3.6663999445487456,4.470138447075601,0.9100399988050686,1.0060540935397957,1.062217423924114,1.1596243240574902,13.708588143194383,16.244099680650663,12.210130699339729,14.53421771299638
PM,1.0,ABED,2.3518051582727364,3.0765371757954245,0.20891342882831263,0.344896160883713,0.22349455375240412,0.377133268003671,2.6380293840402373,3.487893075043021,2.4396896999373894,3.2063656920379886
PM,1.0,ECMWF,3.6694045456347735,4.470413364611298,0.9094960084882474,1.0056398883578797,1.0621777575811648,1.1595071225226135,13.702678859899725,16.237481470312186,12.205553574554642,14.53065362722643
PM,1.25,ABED,2.3415579547228327,3.04794413435421,0.20758026172295288,0.34022728248120593,0.22328652915870476,0.37685864292286636,2.641645489094723,3.4754789133004467,2.426722686876019,3.2010686033573625
PM,1.25,ECMWF,3.6719169474538744,4.470461364668497,0.9091410691049758,1.0053459942867882,1.0621217427966014,1.1593138379616394,13.695381731170889,16.228245588225658,12.199924614695917,14.525639250094283
PM,1.5,ABED,2.3367227380786546,3.032770729633795,0.20679369349189047,0.3386927073080219,0.2236760967119391,0.3769735043868619,2.625779459933559,3.4458758175136657,2.426271902285104,3.199969318599386
PM,1.5,ECMWF,3.673194490728463,4.46847703188605,0.9089266448868081,1.0051486072404305,1.0618129819828035,1.158992483445472,13.686361325850518,16.217081715706147,12.190898336052953,14.517503128489752
PM,1.75,ABED,2.335590549210747,3.013409943036583,0.20652555937860584,0.33709000574600323,0.22301413429191275,0.37676005950995906,2.6177603312598876,3.4301817761376867,2.4118760221666284,3.177016141443982
PM,1.75,ECMWF,3.6740467625165425,4.466290250832317,0.9086838860664285,1.0049487087353026,1.0614309133256372,1.1588055437172944,13.676954022366289,16.207409243095192,12.180965902091065,14.509239259461115
PM,2.0,ABED,2.3306031860194962,3.0096639256021516,0.2049689951276877,0.3337300062077828,0.2244448070011873,0.38228378785822786,2.6297744060275363,3.4465282548948823,2.3959072536599706,3.1540339254091494
PM,2.0,ECMWF,3.6728725705972223,4.463380654226501,0.908061056358595,1.0044639134918696,1.061069002421232,1.158615139906587,13.667675041863665,16.197023589647323,12.16903403755645,14.498875295298518
PM,2.25,ABED,2.340144378883329,3.02698238152363,0.2045069973092084,0.33321456623756385,0.2257271666181162,0.38616045046698144,2.6437701169649395,3.4549677201258135,2.3877671144194514,3.1488080965151273
PM,2.25,ECMWF,3.673837576695869,4.462352536317834,0.9072848772026609,1.003794621222699,1.0609366274743746,1.1585411339563585,13.656896297923923,16.184414065672232,12.155392365045666,14.48523843953646
PM,2.5,ABED,2.3453329777073835,3.0418110069693047,0.2048309528720774,0.334104663107933,0.22501070484369734,0.38476741703548767,2.62923302172112,3.4464159545994937,2.379649736395853,3.147273543429596
PM,2.5,ECMWF,3.677635218231105,4.466402454006491,0.9067760129020982,1.0032880324577205,1.060501145114795,1.1580512942158285,13.640644131128562,16.16436845476177,12.141630222001771,14.471215658341993
PM,2.75,ABED,2.349182492151156,3.0465144608373227,0.20806398592188372,0.34057099382117123,0.22486522335487558,0.38610053050615023,2.594489420059896,3.399854123175275,2.4027697196612885,3.1777487578252255
PM,2.75,ECMWF,3.6820755796519093,4.470953110232684,0.906282432411608,1.0029046553315337,1.0598477597244922,1.1574468203643626,13.625307457496959,16.146182475866055,12.12917897924156,14.457724792872533
PM,3.0,ABED,2.3483245089783207,3.057450050608839,0.20811256462317118,0.33895972595697843,0.22621459400565888,0.3876762841433139,2.565494402310833,3.351774999312724,2.4303283306927974,3.2055513009398036
PM,3.0,ECMWF,3.6862722641934393,4.474925436529481,0.9055804763051709,1.002166027935728,1.0595100220411742,1.1571563113145353,13.613079437300081,16.131674462302744,12.115556165340102,14.442075303445076
PM,3.25,ABED,2.3371117471686396,3.047003070143676,0.20942766989616016,0.342926155587825,0.22306396607894496,0.3823800164924504,2.5375074097443453,3.314655183460607,2.4244839697533584,3.1991342017456126
PM,3.25,ECMWF,3.686715480145528,4.474108400927378,0.9044933690343592,1.0011997074948997,1.0590620892289826,1.1566909866328632,13.598601824707856,16.1137995355333,12.099572889900669,14.425863964843147
PM,3.5,ABED,2.303171050054235,3.0013793953927426,0.20846016514256724,0.3407743914326506,0.22059719545734205,0.3797617277073535,2.4991086993992817,3.26977525817898,2.406992718014559,3.1784248418369523
PM,3.5,ECMWF,3.6847778145626946,4.471274910511608,0.9041850249754608,1.0009802217747077,1.0582299059212243,1.1559731612643012,13.58075383925359,16.094907237780912,12.086614234062603,14.41167890779796
PM,3.75,ABED,2.2900883801685,2.9928196587189397,0.2096063164658044,0.34318959932975424,0.22156610313768052,0.38215719109845353,2.496157707309673,3.2645224705480556,2.412056445206872,3.194641122582346
PM,3.75,ECMWF,3.6865326250635664,4.473107898464322,0.9033453745618804,1.0002444793218046,1.0574848498465965,1.155362055937124,13.564572218527005,16.0790874335516,12.072365872893224,14.39715752896875
PM,4.0,ABED,2.276766233584743,2.9692898700501926,0.20882149166790442,0.34430291197426516,0.22301537308685868,0.3814171059652381,2.4841775964296176,3.239832510100143,2.41108189544002,3.198965706623842
PM,4.0,ECMWF,3.6905106636435114,4.475835897155454,0.9020521397662581,0.9989744264912592,1.056703775123645,1.1548894287047349,13.545892880130657,16.06171135683395,12.056351563029617,14.380984211436202
PM,4.25,ABED,2.258759313146583,2.9488731722491646,0.20546940086125365,0.34094435905853426,0.22162536153999324,0.38040844785780664,2.475879352219939,3.225149496987712,2.3890205941421905,3.1759681854308544
PM,4.25,ECMWF,3.6911694244428213,4.474962241381012,0.901093357753477,0.9980112972546465,1.0558729225188048,1.1543235220552375,13.527490273523199,16.044634785130935,12.04193112968571,14.367091280827031
PM,4.5,ABED,2.275179719719732,2.96662908347493,0.20391662134670993,0.3375352625520788,0.21973979519422407,0.37538379982999126,2.4878239361790597,3.243328687209699,2.37544676602162,3.162693938571157
PM,4.5,ECMWF,3.6890017099545016,4.471336927706418,0.9003723044278057,0.997469304649926,1.0551257954794178,1.1537510727807405,13.51054827005668,16.02964998124761,12.030142853099576,14.355754061997937
PM,4.75,ABED,2.288214112741876,2.980525509463302,0.20262753022316385,0.3346258348694451,0.22044437505710066,0.37749786395677304,2.4910069709588547,3.2515310531060857,2.381750257819173,3.165154795219293
PM,4.75,ECMWF,3.6906577375380483,4.472265068196579,0.899326853500407,0.9965653735095644,1.0549185445482199,1.1536448768241065,13.498620649354612,16.018020755509955,12.01430208072531,14.339819752834973
PM,5.0,ABED,2.286672115967935,2.9847906634040497,0.20098742796591793,0.32952176231834873,0.22174393512446577,0.3811339416399411,2.5042258243535493,3.2648723513967934,2.368421633645388,3.150665456400691
PM,5.0,ECMWF,3.6943395048181364,4.473289394746225,0.8985916083014042,0.9959861788927408,1.0548738781635398,1.1536727790898937,13.487924568114869,16.007740262598556,12.001386226323751,14.324972663711193
PM,5.25,ABED,2.298740629832201,2.9987365737989276,0.20018234402830726,0.3276714837527209,0.223289853337304,0.385297785434489,2.516163040635547,3.269523951119847,2.3644547760926193,3.1402562412968322
PM,5.25,ECMWF,3.697400954340628,4.475113656613996,0.8979235390659827,0.9952854308461446,1.0545195381746517,1.1535519317273168,13.47673054921308,15.997867032003406,11.984150994057055,14.304406551927451
PM,5.5,ABED,2.302068636316267,3.0056535613498965,0.20029530355087186,0.3284608123294725,0.2228737420178588,0.3831057685927227,2.51064943514848,3.2570120780420955,2.367064405289966,3.1438899729360275
PM,5.5,ECMWF,3.695401695842465,4.471900742070332,0.8976120728156998,0.9948123801499723,1.0546225879500164,1.1537066192176146,13.467481974956163,15.987712240336347,11.970473243760912,14.288950607113087
PM,5.75,ABED,2.306114421174248,3.0058456743097874,0.20326108615110286,0.3339630599260113,0.223597949577091,0.3803961621984586,2.5118174833881617,3.26104390338878,2.386636268799824,3.1573807815782384
PM,5.75,ECMWF,3.694130294212034,4.468636128623735,0.8969384476969976,0.9943223355565856,1.0541041705903142,1.153400205283716,13.450744631867066,15.972311473028807,11.95171623539585,14.2702310235958
PM,6.0,ABED,2.314212078587342,3.024091191918974,0.2047388022696297,0.33618935701195557,0.2247000094312909,0.38075598317620357,2.514689059910173,3.2728877141314383,2.4002398604140276,3.1752110562482554
PM,6.0,ECMWF,3.693611113478175,4.464759891292622,0.8963466045395014,0.9939280142642765,1.0536305314665195,1.153241133292506,13.43439032791452,15.958840440643826,11.935477115935726,14.254005079601487
PM,6.25,ABED,2.336399137550116,3.0528630978812927,0.20696580714724125,0.33974885038635977,0.22801820348308857,0.385866396472455,2.5362707931359787,3.2986296178741785,2.405851351030833,3.186617894213323
PM,6.25,ECMWF,3.6975871847592856,4.468086161376879,0.8955587182962846,0.9934368529977952,1.0524395232590138,1.1524993211667,13.412424993275126,15.939414238814567,11.920856586207927,14.238320396018299
PM,6.5,ABED,2.372626534709292,3.096896857128224,0.2086526204942107,0.34315932925004256,0.23073812054821782,0.38950383235578556,2.570444534974437,3.3433199885142173,2.422987535384891,3.193763850090507
PM,6.5,ECMWF,3.6981938147590516,4.466943923130596,0.8949638228284732,0.9930252589205325,1.0514640500137198,1.151841157172261,13.389829209411353,15.92032693810831,11.90643852428992,14.225535868659934
PM,6.75,ABED,2.404721421984727,3.1510031325585066,0.21112281569524824,0.3481205648453613,0.23415109224585462,0.3946220164623139,2.6048593490161998,3.3933337016620304,2.438761338852904,3.219705676066418
PM,6.75,ECMWF,3.7010160671891206,4.4674438376667895,0.8941998446716374,0.9925138934029218,1.0506625574140536,1.15137155155084,13.367959341786873,15.900226875346755,11.891841229246218,14.213260909178983
PM,7.0,ABED,2.4341040973019545,3.192276484457119,0.21236393155196578,0.34875259143314497,0.23939247317431148,0.4026114329915301,2.6420047099287935,3.4466655256657033,2.464444322054078,3.24910515303365
PM,7.0,ECMWF,3.7067337250897103,4.472677417643636,0.893581085540981,0.9921495670106464,1.0500597305890806,1.1509898662414644,13.347702412369108,15.880713340278744,11.874666564894897,14.196397238304446
PM,7.25,ABED,2.471036213838436,3.249324198612405,0.2142292878869507,0.3502399118081316,0.244111350958405,0.4100443662206127,2.6845932690669847,3.501030232956965,2.499151757194037,3.2999001928097185
PM,7.25,ECMWF,3.7116780519972394,4.476815149659031,0.8924104905278737,0.9913618056847906,1.0494558042025213,1.1507372944315588,13.33026168078038,15.863173427466082,11.851761783555522,14.176597711253043
PM,7.5,ABED,2.5058894173915682,3.301779261909123,0.2183144535666902,0.35503190964483966,0.2504743343552293,0.419685872973369,2.724969885021286,3.559487696201171,2.560800303026857,3.387698712394211
PM,7.5,ECMWF,3.716447822069115,4.481514402489659,0.8916488509784077,0.9909803460998801,1.048737400241878,1.1502579512507711,13.310959647141411,15.842076680858597,11.836369984761419,14.164575228068953
PM,7.75,ABED,2.5572305332514462,3.3626209982560358,0.22199721932173844,0.3604042583022915,0.2572026262484646,0.4298962393441557,2.7764009124054305,3.629260816850027,2.622582744409859,3.4605201544152995
PM,7.75,ECMWF,3.7225314469864093,4.488063105989308,0.8908444061431947,0.9904899141635214,1.0478686012493592,1.1496825284298555,13.288168480890159,15.822079897192344,11.821805988469182,14.152737614400353
QP001,0.0,ABED,2.231123111264522,2.981211529244325,0.2672990955749828,0.4782676768520182,0.302530815421823,0.4688197312487577,2.1958105500175407,2.9743275197265184,2.3662271127204804,3.1593662928614386
QP001,0.0,ECMWF,5.1768946643860145,6.266611385623615,0.7885065977698952,0.9212717919064289,0.9323681104911392,1.0567089835834824,11.547769562960616,14.143214894879431,10.262625780741756,12.509706684308382
QP001,0.25,ABED,2.285182535760386,3.045708186030578,0.2692343048617171,0.480116619677253,0.3076755263547088,0.47485765674126873,2.2509802893414417,3.0450622711867568,2.3954902256279333,3.1896839485979065
QP001,0.25,ECMWF,5.178091815651235,6.266533910973666,0.7883928617315451,0.9212881925032909,0.9329052395446175,1.057373752420996,11.548114508897987,14.142741076200751,10.261204020827861,12.508931279620889
QP001,0.5,ABED,2.3325954766214805,3.109729672947417,0.27098274649307835,0.48232510398053796,0.3104267609982843,0.47816658141908547,2.2856777322117523,3.080038413776382,2.412148603055963,3.212166887779326
QP001,0.5,ECMWF,5.182410542108079,6.2693873355144305,0.7882128978153421,0.9210172911720775,0.9335708680543856,1.0579390762895287,11.547934346043073,14.142251239664137,10.258236304498821,12.505225790229247
QP001,0.75,ABED,2.3464244819562126,3.1323748509186204,0.27369523327846995,0.48603082248277535,0.3140762303183609,0.4849474441370451,2.2866636453104547,3.0836256998091383,2.425510290420789,3.235369972732429
QP001,0.75,ECMWF,5.185674990559879,6.271763679926097,0.7881133395414971,0.9210779352332561,0.9338308227555695,1.0580904679136731,11.546970048960114,14.140319545253956,10.253947225414903,12.49909814043585
QP001,1.0,ABED,2.323211798666394,3.104088736749768,0.27510815468474387,0.48683122797583744,0.3196792913540107,0.49401367735245927,2.2809033210295033,3.087905781422527,2.4268123857612713,3.2362220989786534
QP001,1.0,ECMWF,5.190658477500136,6.275182249465351,0.7879812759745799,0.9209502635414011,0.934101450532819,1.0583702647895843,11.54437399449374,14.135771620191123,10.246220177522217,12.490685192541845
QP001,1.25,ABED,2.301858284524857,3.07322393787373,0.27566515533292524,0.4878259736807893,0.3205580958308473,0.494579587596444,2.274508250777975,3.080293454137186,2.428287864735163,3.2347158503451543
QP001,1.25,ECMWF,5.198359165857731,6.280761396568989,0.787755680155374,0.9207396728587524,0.9341137356858309,1.058465637804248,11.538977037751835,14.128136797869352,10.237004872722657,12.482308302779229
QP001,1.5,ABED,2.296880435618064,3.066073627488526,0.27699845034162673,0.49277808826761266,0.3178133235039448,0.49009918344321973,2.263173564293993,3.060552488256539,2.4361168439815324,3.252755529248773
QP001,1.5,ECMWF,5.204898334967492,6.285075801775055,0.7878484908981527,0.9209177408994208,0.9340943202600763,1.058560131173349,11.531484150640509,14.118765684777301,10.228684108313713,12.472673989419945
QP001,1.75,ABED,2.2914598440397946,3.0606304599192513,0.2791466978688215,0.49484451845589983,0.31527791372635533,0.48514102648458,2.2576913955910336,3.0396913193750734,2.452429939890559,3.280254629108754
QP001,1.75,ECMWF,5.207607465261945,6.286563738701026,0.7872417667238505,0.9202903727360526,0.9341638471443304,1.0587350022406694,11.524000165376913,14.106109215030303,10.215346271212352,12.460649103106455
QP001,2.0,ABED,2.2905980462173434,3.0464666279135924,0.278133715595663,0.4942556895237471,0.31290194283758804,0.48376901793418753,2.2500739490301385,3.026945730329738,2.444443765417873,3.2638969648652196
QP001,2.0,ECMWF,5.210523727922835,6.286488302666413,0.7865809357080641,0.9197489710545783,0.934132780558696,1.058672215423959,11.515319206399829,14.093429891551153,10.202852559461498,12.448122807872986
QP001,2.25,ABED,2.2840639839660395,3.02734035500503,0.27995289778840204,0.4973285733631826,0.3110431135877367,0.4784049090622602,2.256875729290641,3.023880376372452,2.4284966504237673,3.230051657372507
QP001,2.25,ECMWF,5.213275353365346,6.285766339211625,0.7862420719870657,0.9194128872567542,0.9342531626208541,1.058735557697721,11.507701374970082,14.08115914053543,10.189165334722116,12.433569360506501
QP001,2.5,ABED,2.278007358182585,3.0076138097172707,0.27830123788707883,0.4985263390770409,0.30970910683886704,0.4766968921858834,2.248379022153889,3.0213826282504583,2.4084293517295614,3.1889595399459196
QP001,2.5,ECMWF,5.213561194628299,6.283267857351735,0.7862301352107464,0.919507214825958,0.9338556962515853,1.058384598916188,11.496051059656486,14.064829942324334,10.178130245627116,12.421721268904168
QP001,2.75,ABED,2.270447683868717,3.008653880518231,0.28040475555344097,0.5012835615031522,0.30895812167079056,0.4734042460870703,2.2355086116387306,3.0125814774935398,2.3927726477239353,3.182166543929771
QP001,2.75,ECMWF,5.218122760172718,6.284918535909908,0.7854655114153851,0.9187724215769484,0.9335302724448922,1.0581107546070827,11.48334205647619,14.045291181144098,10.1634756035491,12.406953812002046
QP001,3.0,ABED,2.2744591444766518,3.0206738150502344,0.28129828210072333,0.5029790558806925,0.3091260276215134,0.472209660091802,2.2372500625989837,3.0019199643885903,2.393793160778538,3.190636048543105
QP001,3.0,ECMWF,5.222977088568771,6.28773846276242,0.7859076435737934,0.9194485535069912,0.9330149524168476,1.057598247351204,11.468612894059795,14.025842923694654,10.149803596003721,12.391209368185375
QP001,3.25,ABED,2.281011835016797,3.0379252485669705,0.2822706192801544,0.5046342244141433,0.3091067830459995,0.46903567085776066,2.2343578996137694,2.997593184242229,2.390950770741559,3.197595547537965
QP001,3.25,ECMWF,5.228152708230142,6.292169035995894,0.7852083986290831,0.9188456777468126,0.9327776466991485,1.0573757204313607,11.454990736222465,14.005177514092095,10.131235351811359,12.370590853341778
QP001,3.5,ABED,2.2928518389018007,3.0473929314940973,0.28121282640483786,0.5030340290526903,0.30592639732119026,0.46651291543928874,2.2131830064467977,2.962218937062683,2.39702449301573,3.20359270176238
QP001,3.5,ECMWF,5.234299718100856,6.2969072958242025,0.7847204523563734,0.9186078702012317,0.9319348039005281,1.056759471163086,11.439870078031054,13.984293503826946,10.114581466127449,12.351426836315344
QP001,3.75,ABED,2.2674149407535418,3.020077573014738,0.28447190183526455,0.5080722458872,0.3036354948872068,0.4636179285581297,2.1846697010682874,2.9430034138998025,2.3810489978335077,3.188927328014204
QP001,3.75,ECMWF,5.2388311660529,6.300064803034926,0.7839712812598517,0.9180187510786741,0.931448648693789,1.056234311353663,11.423112002877252,13.961837222767718,10.100260447204667,12.33556398942699
QP001,4.0,ABED,2.2556566342176505,2.9993729686960124,0.2845795278187682,0.5099147334884128,0.3007827076786435,0.4584614926485147,2.153085521304547,2.9079333675819043,2.3764297381946258,3.1774865350967088
QP001,4.0,ECMWF,5.243233017856334,6.302703470306948,0.7826989458141146,0.9169978214646526,0.9306275545182164,1.055504144053148,11.408896587172356,13.943598531138859,10.082371501578573,12.317177838846929
QP001,4.25,ABED,2.235911201884204,2.9701568886768728,0.2842657862037233,0.5118709332260777,0.2972018198468527,0.45084476665208423,2.1292896037719706,2.8812956444698186,2.3745198244520602,3.1693944321258187
QP001,4.25,ECMWF,5.247738250240054,6.3038129788812896,0.7815918560137599,0.9159207036604466,0.9300194267879514,1.0550292417635736,11.394159517672998,13.924763960757849,10.064657150581644,12.298076670557277
QP001,4.5,ABED,2.2418538690499528,2.980881959940157,0.2829775938206232,0.5089524193075647,0.29857326570184556,0.4523719633005857,2.134885486964928,2.884884884362354,2.3906451555279395,3.1943557227504162
QP001,4.5,ECMWF,5.253195773092678,6.308728841205815,0.7811218576751676,0.9156891973805892,0.9290116009133594,1.0542030015101505,11.377245839857713,13.903282396318064,10.052334300868523,12.283869413945515
QP001,4.75,ABED,2.2803753327265253,3.03299878461789,0.2831970462094702,0.5109840341417512,0.2976672702159897,0.4510577669794898,2.1469738118577575,2.9090073988436567,2.4155364243842996,3.231022754662035
QP001,4.75,ECMWF,5.261454506826387,6.316025549352435,0.7804921993848396,0.9152894785088553,0.9283667733618443,1.053416707156092,11.362018031684833,13.886588153758682,10.036628920099162,12.264794531194775
QP001,5.0,ABED,2.3014657449446005,3.060222969617287,0.2850760567636752,0.5136074661062761,0.2995059267413224,0.4550499015942103,2.1480506161516737,2.9193619842814575,2.430709208617221,3.252713647172772
QP001,5.0,ECMWF,5.268140163846162,6.323403491606529,0.7799676284221432,0.915099524470482,0.9278420659022671,1.0531397973869971,11.349675605249113,13.872161751685201,10.020354586588715,12.246651155326937
QP001,5.25,ABED,2.32463372771467,3.085706879328649,0.2888777607750663,0.5195305239272725,0.3034686796210085,0.45857002460877827,2.159490201928596,2.936144258294116,2.4473472360123196,3.2692982883340966
QP001,5.25,ECMWF,5.273119118368448,6.329265410343739,0.7795334139104954,0.9149334377181544,0.9275400170466237,1.0528737309006653,11.336947823867993,13.857538186288656,10.007826668051466,12.231533579912975
QP001,5.5,ABED,2.3602949213024975,3.131200887564702,0.2902556419876378,0.5214805866292079,0.30367986169973576,0.45607667809565355,2.18010550291865,2.965471954890125,2.4708366765512437,3.2966900185539028
QP001,5.5,ECMWF,5.280796953717651,6.3360659570804,0.7779657593960483,0.9137520866674466,0.9268651042905339,1.0523817676057878,11.322782760104866,13.840938308671328,9.987653421515718,12.21067998550988
QP001,5.75,ABED,2.369527807160032,3.1496626497751175,0.29075791473205664,0.5209896331260581,0.30630934556058137,0.4586755867692896,2.185191895856557,2.9782668659023326,2.474977604406073,3.2975041883682756
QP001,5.75,ECMWF,5.287162396981637,6.341664464389384,0.7766775769098236,0.9126370449003709,0.9267866068192715,1.0523414088016692,11.312209156569574,13.827628241340323,9.966819942028307,12.18914387600513
QP001,6.0,ABED,2.3842066277430356,3.178867162743344,0.291630611888859,0.5221491541456402,0.30874203411990625,0.4605447575360529,2.192420908396192,2.997327959507337,2.484119237966752,3.3047587734348216
QP001,6.0,ECMWF,5.295413316032138,6.348577548394124,0.7760518119432539,0.9121707838124732,0.9258722674843783,1.0517322724271578,11.296640816150871,13.810240481416416,9.951032152477003,12.170484635765028
QP001,6.25,ABED,2.410005119505905,3.221361275396856,0.293821053827573,0.5267517546484394,0.30944979638527054,0.46056842320170055,2.2025484793480246,3.0288180119082937,2.5127569334369277,3.324959211836128
QP001,6.25,ECMWF,5.304323839466984,6.356472462202458,0.7756410590350628,0.9120101505546765,0.9249728270103459,1.0509787840888896,11.275813553166836,13.788951380267946,9.939925334038252,12.153649798166647
QP001,6.5,ABED,2.4418168197173986,3.2628678987253674,0.29764884021596677,0.5321489662430893,0.3127628287309558,0.46452527985344955,2.211708176886077,3.05041517411143,2.534325309782313,3.3481538719274666
QP001,6.5,ECMWF,5.3133960699472516,6.36520511433024,0.7758114830983355,0.912324700567388,0.9242037931575187,1.0503136634581973,11.258121419329683,13.770228336609264,9.926057690539789,12.13670410721251
QP001,6.75,ABED,2.477005976390592,3.3107425075732118,0.2995989907063497,0.5342346108469402,0.3158392605426616,0.47010827593204985,2.224392607686999,3.0666346746838435,2.5548256869621278,3.373503037626276
QP001,6.75,ECMWF,5.323187874108572,6.373891814883876,0.7756937427467641,0.9126344828060242,0.9236021869674579,1.049880894137633,11.239245545216505,13.750219399281262,9.913767814168347,12.121751944656012
QP001,7.0,ABED,2.517535206533842,3.3614973634627767,0.30064838337607563,0.535394871441861,0.31532467568683487,0.47026024905615876,2.2472753002719705,3.0892411396218837,2.5836323228359106,3.4138812929342452
QP001,7.0,ECMWF,5.3306572948062465,6.3800211937277345,0.7754838350706891,0.9127503374101408,0.9226971417238232,1.049106641067085,11.215670424182976,13.726261338023487,9.90266340483686,12.10852317019723
QP001,7.25,ABED,2.5569209905326775,3.4121065097695356,0.30489324662593353,0.5410212026269613,0.3184421676665012,0.47324647913134193,2.2841008614615625,3.1356017993222194,2.6083096912848305,3.45069198170139
QP001,7.25,ECMWF,5.3399045789552275,6.389852313223459,0.7744482851519896,0.9121670994013248,0.9215577915571324,1.0481988806906433,11.190423260504048,13.699946213353815,9.889937388162762,12.094782478493187
QP001,7.5,ABED,2.5851013296229746,3.462707522582004,0.30822848238674744,0.5461367433157782,0.320451024626918,0.47576640110808993,2.3068231078779413,3.167375371063936,2.6370958757667418,3.4961355034280057
QP001,7.5,ECMWF,5.348146851795003,6.397452129363025,0.7734649165488371,0.9115989719264851,0.9205450431261767,1.0475089599457146,11.167397815075992,13.678089132080116,9.876950529612634,12.081398400878637
QP001,7.75,ABED,2.627183795314583,3.527900136116499,0.3116954750703282,0.549475707352151,0.32405689271211124,0.4797960204736277,2.3305938091787843,3.203007170730666,2.6828253702839597,3.5628524658152094
QP001,7.75,ECMWF,5.355551015276081,6.404331370266025,0.7727861760628977,0.9112639785787517,0.9195845896138023,1.0467815043415938,11.145036108251574,13.655856343502967,9.868228180361635,12.073967269546825
